"","ZIP","est_households_total","moe_households_total","est_households_total_less_than_10000","moe_households_total_less_than_10000","est_households_total_10000_to_14999","moe_households_total_10000_to_14999","est_households_total_15000_to_24999","moe_households_total_15000_to_24999","est_households_total_25000_to_34999","moe_households_total_25000_to_34999","est_households_total_35000_to_49999","moe_households_total_35000_to_49999","est_households_total_50000_to_74999","moe_households_total_50000_to_74999","est_households_total_75000_to_99999","moe_households_total_75000_to_99999","est_households_total_100000_to_149999","moe_households_total_100000_to_149999","est_households_total_150000_to_199999","moe_households_total_150000_to_199999","est_households_total_200000_or_more","moe_households_total_200000_or_more","est_households_median_income_dollars","moe_households_median_income_dollars","est_households_mean_income_dollars","moe_households_mean_income_dollars","est_households_percent_allocated_household_income_in_the_past_12_months","moe_households_percent_allocated_household_income_in_the_past_12_months","est_households_percent_allocated_family_income_in_the_past_12_months","moe_households_percent_allocated_family_income_in_the_past_12_months","est_households_percent_allocated_nonfamily_income_in_the_past_12_months","moe_households_percent_allocated_nonfamily_income_in_the_past_12_months","est_families_total","moe_families_total","est_families_total_less_than_10000","moe_families_total_less_than_10000","est_families_total_10000_to_14999","moe_families_total_10000_to_14999","est_families_total_15000_to_24999","moe_families_total_15000_to_24999","est_families_total_25000_to_34999","moe_families_total_25000_to_34999","est_families_total_35000_to_49999","moe_families_total_35000_to_49999","est_families_total_50000_to_74999","moe_families_total_50000_to_74999","est_families_total_75000_to_99999","moe_families_total_75000_to_99999","est_families_total_100000_to_149999","moe_families_total_100000_to_149999","est_families_total_150000_to_199999","moe_families_total_150000_to_199999","est_families_total_200000_or_more","moe_families_total_200000_or_more","est_families_median_income_dollars","moe_families_median_income_dollars","est_families_mean_income_dollars","moe_families_mean_income_dollars","est_families_percent_allocated_household_income_in_the_past_12_months","moe_families_percent_allocated_household_income_in_the_past_12_months","est_families_percent_allocated_family_income_in_the_past_12_months","moe_families_percent_allocated_family_income_in_the_past_12_months","est_families_percent_allocated_nonfamily_income_in_the_past_12_months","moe_families_percent_allocated_nonfamily_income_in_the_past_12_months","est_married_couple_families_total","moe_married_couple_families_total","est_married_couple_families_total_less_than_10000","moe_married_couple_families_total_less_than_10000","est_married_couple_families_total_10000_to_14999","moe_married_couple_families_total_10000_to_14999","est_married_couple_families_total_15000_to_24999","moe_married_couple_families_total_15000_to_24999","est_married_couple_families_total_25000_to_34999","moe_married_couple_families_total_25000_to_34999","est_married_couple_families_total_35000_to_49999","moe_married_couple_families_total_35000_to_49999","est_married_couple_families_total_50000_to_74999","moe_married_couple_families_total_50000_to_74999","est_married_couple_families_total_75000_to_99999","moe_married_couple_families_total_75000_to_99999","est_married_couple_families_total_100000_to_149999","moe_married_couple_families_total_100000_to_149999","est_married_couple_families_total_150000_to_199999","moe_married_couple_families_total_150000_to_199999","est_married_couple_families_total_200000_or_more","moe_married_couple_families_total_200000_or_more","est_married_couple_families_median_income_dollars","moe_married_couple_families_median_income_dollars","est_married_couple_families_mean_income_dollars","moe_married_couple_families_mean_income_dollars","est_married_couple_families_percent_allocated_household_income_in_the_past_12_months","moe_married_couple_families_percent_allocated_household_income_in_the_past_12_months","est_married_couple_families_percent_allocated_family_income_in_the_past_12_months","moe_married_couple_families_percent_allocated_family_income_in_the_past_12_months","est_married_couple_families_percent_allocated_nonfamily_income_in_the_past_12_months","moe_married_couple_families_percent_allocated_nonfamily_income_in_the_past_12_months","est_nonfamily_households_total","moe_nonfamily_households_total","est_nonfamily_households_total_less_than_10000","moe_nonfamily_households_total_less_than_10000","est_nonfamily_households_total_10000_to_14999","moe_nonfamily_households_total_10000_to_14999","est_nonfamily_households_total_15000_to_24999","moe_nonfamily_households_total_15000_to_24999","est_nonfamily_households_total_25000_to_34999","moe_nonfamily_households_total_25000_to_34999","est_nonfamily_households_total_35000_to_49999","moe_nonfamily_households_total_35000_to_49999","est_nonfamily_households_total_50000_to_74999","moe_nonfamily_households_total_50000_to_74999","est_nonfamily_households_total_75000_to_99999","moe_nonfamily_households_total_75000_to_99999","est_nonfamily_households_total_100000_to_149999","moe_nonfamily_households_total_100000_to_149999","est_nonfamily_households_total_150000_to_199999","moe_nonfamily_households_total_150000_to_199999","est_nonfamily_households_total_200000_or_more","moe_nonfamily_households_total_200000_or_more","est_nonfamily_households_median_income_dollars","moe_nonfamily_households_median_income_dollars","est_nonfamily_households_mean_income_dollars","moe_nonfamily_households_mean_income_dollars","est_nonfamily_households_percent_allocated_household_income_in_the_past_12_months","moe_nonfamily_households_percent_allocated_household_income_in_the_past_12_months","est_nonfamily_households_percent_allocated_family_income_in_the_past_12_months","moe_nonfamily_households_percent_allocated_family_income_in_the_past_12_months","est_nonfamily_households_percent_allocated_nonfamily_income_in_the_past_12_months","moe_nonfamily_households_percent_allocated_nonfamily_income_in_the_past_12_months"
"1","10001",15097,796,4.7,1.4,4.6,1.8,4.5,1.6,4.2,1.8,6.5,2,10,2.7,8.3,2.1,11.4,2,11.3,2.6,34.5,3.5,123393,22852,205444,18473,22,NA,NA,NA,NA,NA,4715,650,4.1,2.7,3,2.2,5,3.6,3.9,3,4.8,3.4,7.7,4.5,8.1,4.5,5.8,3.4,9.4,4.2,48.2,6.7,182117,44151,269616,35285,NA,NA,26.5,NA,NA,NA,3291,544,0.6,1.1,0,1.2,6.3,5.2,0.9,1.1,5.5,4.6,3.1,2.7,4.2,3.1,7.2,4.5,13,5.8,59.4,8.4,NA,NA,NA,NA,NA,NA,NA,NA,NA,NA,10382,864,5.2,1.8,5.6,2.3,4.4,1.7,4.3,2.1,6.9,2.2,10.8,3.3,8.8,2.3,13.6,2.5,12,3,28.3,4.1,105801,9254,175089,21182,NA,NA,NA,NA,20,NA
"2","10002",35771,1265,9.5,1.9,10.9,2.1,11.8,1.9,9,2.2,11,2,9.8,1.8,8.6,1.6,11.9,1.9,5.6,1.3,11.8,1.2,46525,5561,93314,6116,42.5,NA,NA,NA,NA,NA,16924,978,6.2,1.9,6.5,3.6,12,2.9,12,4.2,12.9,3.1,12.2,2.8,8.7,2.1,11.1,2.6,5.6,1.8,12.7,2.1,51093,8077,98795,8346,NA,NA,45.1,NA,NA,NA,9848,866,1.9,1.3,7.4,6.1,11.7,3.9,11.9,6.8,8.8,3.1,9,2.7,9.5,2.8,14.1,3.4,7.6,2.7,18,3.2,71682,16972,NA,NA,NA,NA,NA,NA,NA,NA,18847,952,12.9,3,14.8,3,11.6,3,6,1.6,9.5,2.6,7.5,2.1,8.9,2.1,12.6,2.8,5.6,1.6,10.8,1.8,41294,6161,87485,8499,NA,NA,NA,NA,40.2,NA
"3","10003",25080,1152,7.5,1.8,3.3,1.5,3.3,1,2.3,0.8,4.6,1.2,8.9,2.3,7.2,1.5,12.1,1.6,11.7,1.8,39.1,3.5,153750,11191,248577,23076,31.5,NA,NA,NA,NA,NA,6847,630,0.5,0.6,2.1,1.9,1.1,1.1,0.9,0.7,3.1,2.1,3.3,1.7,3.9,1.8,8.3,2.8,13.6,3.2,63.2,4.9,NA,NA,416996,52091,NA,NA,39.2,NA,NA,NA,5896,578,0.4,0.5,0.7,0.9,0.9,1.1,0.6,0.6,2.9,2.4,2.5,1.7,3.6,1.8,7.8,3,13.3,3.3,67.4,5.1,NA,NA,NA,NA,NA,NA,NA,NA,NA,NA,18233,1077,10.2,2.4,3.8,2,4.2,1.4,2.8,1.1,5.1,1.5,11,3,8.4,2,14,1.9,11,2.3,29.5,4.2,117570,9771,184364,26945,NA,NA,NA,NA,28.4,NA
"4","10004",1775,384,2.3,1.6,0,2.2,0.3,0.5,0.3,0.5,0.3,0.5,4.6,4.9,9.9,7.5,14.1,7.8,13.4,10.1,54.8,11.5,220592,53147,309645,70590,42.9,NA,NA,NA,NA,NA,799,205,1.9,2.8,0,4.9,0.8,1.1,0,4.9,0,4.9,0.5,0.8,3.1,3.5,11.6,10.1,8.1,7.1,74,13.2,NA,NA,394971,85515,NA,NA,51.2,NA,NA,NA,761,209,2,2.9,0,5.1,0.8,1.2,0,5.1,0,5.1,0.5,0.8,2.6,3.5,12.2,10.4,5,4.3,76.9,13.4,NA,NA,NA,NA,NA,NA,NA,NA,NA,NA,976,287,2.6,1.9,0,4,0,4,0.5,0.9,0.6,0.9,8,8.6,16,13.3,15.7,11.3,18.1,17.4,38.5,15.9,178034,46920,238825,102272,NA,NA,NA,NA,36.2,NA
"5","10005",5156,588,0.4,0.6,1.6,1.6,0.2,0.2,2.5,2.3,5.1,3.5,4.2,2.9,7.9,4.3,12.7,4.8,13.9,5,51.7,7.2,211810,29291,279387,30910,24.7,NA,NA,NA,NA,NA,1432,348,0,2.8,0,2.8,2.7,5.7,2.9,4.4,0,2.8,0.6,1,4.7,5,8.9,7.1,11.5,8.4,68.6,12.8,NA,NA,391858,82109,NA,NA,24.6,NA,NA,NA,1321,346,0,3,0,3,0,3,3.2,4.7,0,3,0.7,1,4.8,5.5,7.6,6.7,12.4,8.9,71.2,12.3,NA,NA,NA,NA,NA,NA,NA,NA,NA,NA,3724,587,0.5,0.9,2.1,2.2,0.2,0.3,2.3,2.7,6,4.2,5.6,4,9,5.5,14.1,6.2,14.8,6.7,45.2,8.8,191394,32759,235868,32534,NA,NA,NA,NA,24.8,NA
"6","10006",2305,270,3,2.1,0,1.7,2.1,3.4,2.8,3.2,7.6,5.7,7.4,4.6,5.4,4.2,10.3,4.8,8.9,5,52.5,9.6,209972,43452,235292,31362,33.9,NA,NA,NA,NA,NA,792,262,1.6,2.4,0,4.9,6.2,9.4,0,4.9,1.4,2.2,0,4.9,2.3,3.9,6.4,7.9,9.5,11.2,72.6,15.8,NA,NA,329790,64126,NA,NA,29.4,NA,NA,NA,632,249,0,6.1,0,6.1,0,6.1,0,6.1,1.7,2.8,0,6.1,2.8,5.1,4.4,7.1,3.6,5.8,87.3,10.3,NA,NA,NA,NA,NA,NA,NA,NA,NA,NA,1513,261,3.6,3.1,0,2.6,0,2.6,4.2,4.8,10.9,8.3,11.2,6.4,7.1,6.1,12.3,7,8.6,5.5,42,12.7,150609,52306,185827,37460,NA,NA,NA,NA,36.2,NA
"7","10007",3309,472,4.8,3,1.4,2.2,0,1.2,1.6,2.1,1.1,1.5,2.4,2.6,3.1,3.5,4.4,3.9,14.3,7.1,66.8,7.7,NA,NA,512350,113482,33.7,NA,NA,NA,NA,NA,1690,407,0.8,1.4,0,2.3,0,2.3,0,2.3,0.9,1.7,0.5,1,5.1,6.4,3.8,5.7,6.3,6.1,82.5,8.8,NA,NA,725328,185795,NA,NA,30.4,NA,NA,NA,1516,400,0.9,1.6,0,2.6,0,2.6,0,2.6,1.1,1.8,0,2.6,5.7,6.9,0,2.6,6,6.5,86.4,9.3,NA,NA,NA,NA,NA,NA,NA,NA,NA,NA,1619,292,9,6,2.9,4.5,0,2.4,3.3,4.3,1.3,2.2,4.3,5.3,1.1,1.8,4.9,5.4,22.6,12.7,50.5,11.7,210343,27230,282549,70302,NA,NA,NA,NA,37.2,NA
"8","10009",30025,1230,10.5,2,6.2,1.5,7.1,1.3,3.7,1.1,5.4,1.4,11.8,2.1,9.5,1.9,14.5,2.8,11.1,2.4,20.2,2.7,87963,9219,134024,10212,30.7,NA,NA,NA,NA,NA,10493,957,8.2,2.3,3,2.7,7.6,2.3,3.7,1.5,9.6,2.9,13.2,3.9,7,3.1,9.3,3.5,9.3,3.9,29,5.8,88469,24027,169783,24206,NA,NA,35.7,NA,NA,NA,6210,919,3.9,2.2,3.5,4.3,5.7,2.8,2.9,1.5,5.4,2.5,10.8,5.6,3,2.2,10.4,5.1,14.5,6.4,39.8,8.8,159158,21915,NA,NA,NA,NA,NA,NA,NA,NA,19532,1245,12,3,8.5,2.2,6.9,1.6,3.7,1.3,3.5,1.3,10.3,2.2,11.1,2.6,17.2,3.8,11.9,3,14.9,3.2,85953,8240,109268,8456,NA,NA,NA,NA,27.6,NA
"9","10010",16192,1320,4.9,1.5,2.8,2.4,4.2,2.5,4.2,1.6,2.8,1.2,6.7,2,6.2,1.8,14.8,3.2,11.1,2.5,42.1,4,156127,11635,253684,32816,33.1,NA,NA,NA,NA,NA,6113,859,0.8,1.2,0,0.7,4.2,5.2,0.9,0.9,2.4,2.1,5.1,2.9,4.1,2.4,11.7,4.6,11.3,3.5,59.4,7.9,224893,36165,354599,70019,NA,NA,39.8,NA,NA,NA,4728,823,0,0.8,0,0.8,1.2,1.4,1.2,1.2,2.2,2.5,0.9,1.1,4.6,2.7,12.9,5.8,7.2,3.6,69.9,8,NA,NA,NA,NA,NA,NA,NA,NA,NA,NA,10079,914,7.4,2.4,4.6,3.8,4.3,2.2,6.3,2.6,3.1,1.5,8,2.8,7.7,2.8,16.4,3.8,10.8,3.3,31.6,4.9,118003,13128,191753,27582,NA,NA,NA,NA,29,NA
"10","10011",28277,1350,4.5,1.2,2.8,1.3,3.9,1,2.4,0.9,6.4,1.6,8.9,2.2,6.5,1.8,15.4,2.2,11.8,1.9,37.4,3,146571,13827,238674,17026,30,NA,NA,NA,NA,NA,8360,846,1.3,1.3,2.6,2.3,3,2.3,1.5,1.3,3.5,1.9,3.6,2,3.7,2.1,12.5,4,9.3,2.5,58.9,5,235848,38526,388407,46875,NA,NA,37.3,NA,NA,NA,6871,868,0,0.6,0,0.6,2.6,2.7,1.1,1.1,1.8,1.6,3,2.3,2.8,2.1,11.3,3.9,10.4,2.8,67,4.9,NA,NA,NA,NA,NA,NA,NA,NA,NA,NA,19917,1296,5.9,1.5,2.8,1.3,4.2,1.2,2.8,1.2,7.7,2.2,11.1,2.8,7.8,2.4,16.8,2.9,12.8,2.5,28,3.5,123191,11840,174915,15113,NA,NA,NA,NA,26.9,NA
"11","10012",11909,866,7.4,3.5,1.5,1,3.9,1.5,3.5,1.6,4.4,1.9,9.7,3.5,7.9,2.1,18.8,3.9,9.4,2.7,33.5,3.8,130938,16044,219222,25204,35,NA,NA,NA,NA,NA,3593,531,3.7,2.4,0.4,0.6,3,2.3,4.8,2.9,3,2.1,7.7,4.9,3,1.9,14.8,7.5,7.3,4,52.3,8.1,210813,58143,319316,50633,NA,NA,41.2,NA,NA,NA,2842,490,3.4,2.8,0.5,0.7,2.6,2.6,2.9,2.7,0.2,0.5,7.5,5.4,2.6,2,13.7,8.8,9,5,57.6,10.3,241176,41573,NA,NA,NA,NA,NA,NA,NA,NA,8316,752,9.2,4.9,2.1,1.4,4.6,1.9,3.5,2.1,5.1,2.5,9.6,4.3,9.8,2.8,20.6,4.6,10.3,3.2,25.3,4.5,115181,10998,175267,27395,NA,NA,NA,NA,32.1,NA
"12","10013",12609,1124,4.1,1.6,5,1.9,5.5,2,2.5,1.1,3,1.2,8.4,3.6,7.5,2.5,12.4,2.9,10.2,3,41.6,5.1,159474,34293,385678,76572,38.4,NA,NA,NA,NA,NA,6489,832,1.3,1.2,1.4,1.2,4.4,2.5,3.6,2,2.9,1.8,10.1,6.4,5.4,3.1,12.9,3.8,7.3,3.4,50.7,9.3,209681,85806,527271,142314,NA,NA,41.6,NA,NA,NA,5296,796,0.1,0.2,1.2,1.2,2.2,2.7,3.6,2.2,2.8,1.9,10,7.5,3,2,9.3,3.4,8.1,3.9,59.6,10.2,NA,NA,NA,NA,NA,NA,NA,NA,NA,NA,6120,682,7,2.8,8.7,3.6,6.6,3.2,1.7,1,3,1.5,6.6,2.4,9.5,3.9,12.3,4.2,13.3,6.2,31.4,5.4,122479,29582,233573,39152,NA,NA,NA,NA,34.6,NA
"13","10014",17682,980,4.4,1.7,1.8,1.1,3.1,1.3,2.2,0.8,4.9,1.7,7.4,1.8,9.8,2.1,12.9,2.8,9.8,2.5,43.9,3.3,167254,11392,276638,24394,30.1,NA,NA,NA,NA,NA,5181,628,0.8,0.9,0.5,0.7,0.4,0.7,0.3,0.4,5.7,3.8,5.5,3.2,5.1,2.7,8.7,4.5,11.3,4.3,61.7,6.6,NA,NA,477248,74139,NA,NA,34,NA,NA,NA,4477,582,0.9,1.1,0,0.9,0.5,0.8,0,0.9,4.8,4.2,4.4,3.4,5.3,2.8,6.9,4.7,11.5,4.3,65.5,6.8,NA,NA,NA,NA,NA,NA,NA,NA,NA,NA,12501,974,5.8,2.4,2.5,1.5,4.2,1.7,3,1.2,4.6,1.7,8.1,2.1,11.8,2.7,14.8,3.5,8.9,3.6,36.3,3.9,130176,11092,192012,14824,NA,NA,NA,NA,28.2,NA
"14","10016",30164,1375,6,1.4,2,0.8,4,2.2,3.2,1.6,3.7,1.4,7.9,1.9,7.4,1.4,15.2,2.6,9.8,1.9,40.9,3.2,153065,17848,217368,14687,32.3,NA,NA,NA,NA,NA,8528,1114,3,2,1,1,4.9,5.5,0.8,0.8,2,1.3,4.9,2.7,2.9,1.7,7.2,2.9,9.1,2.8,64.2,6.4,NA,NA,344815,37591,NA,NA,37.4,NA,NA,NA,6926,836,2.5,2,0.2,0.4,1.1,1.1,1,1,2.2,1.5,5.7,3.2,2.3,1.5,5.2,2.3,9,3.3,70.8,6.5,NA,NA,NA,NA,NA,NA,NA,NA,NA,NA,21636,1274,7.1,1.9,2.7,1.1,3.6,1.9,4.1,2.2,4.5,1.9,9.1,2.3,9.2,1.8,18.9,3.3,9.6,2.5,31.2,3.6,120930,10001,165049,11497,NA,NA,NA,NA,30,NA
"15","10017",9529,874,4.2,2.2,4.5,2.9,2.5,1.6,7.5,4.9,5.7,3.1,9.9,3.5,7.8,3.7,12.3,3.8,13,4,32.5,5.8,132518,24007,182585,24914,29.5,NA,NA,NA,NA,NA,2667,605,2.7,3,0,1.5,0,1.5,1.3,2.1,3.5,4.7,7.2,5.7,10.2,8.5,5,4.6,9,6.7,61.2,11.4,240125,59826,292977,53167,NA,NA,21.9,NA,NA,NA,2237,533,3.3,3.6,0,1.8,0,1.8,1.5,2.5,0.7,1.2,6,6.2,7.1,6,5.9,5.3,8.7,7.5,66.8,11.1,NA,NA,NA,NA,NA,NA,NA,NA,NA,NA,6862,835,4.8,2.9,6.3,3.9,3.5,2.3,9.9,6.6,6.5,3.8,11,4.3,7,4,15.2,5,14.6,5.1,21.3,5,107917,32247,139680,19004,NA,NA,NA,NA,32.5,NA
"16","10018",4901,469,7.4,3.6,2.9,2,3.3,2.2,3.6,3,4.6,2.6,8.1,4.4,9.9,3.2,15.2,4.8,7.5,2.9,37.4,6.5,133042,30991,219569,32992,23.2,NA,NA,NA,NA,NA,1467,314,5.3,5.8,2.9,4.1,6.1,5.5,0,2.7,4.3,3.9,4,4.2,12.6,6.5,10.4,7.6,1.7,1.9,52.8,11.7,220391,106011,319434,81939,NA,NA,33.9,NA,NA,NA,1185,295,3.6,5.8,3.6,5.1,6.4,6.7,0,3.3,2.4,2.8,4.7,5.1,5.9,7.1,7.2,7.9,2.1,2.4,64.1,12.8,NA,NA,NA,NA,NA,NA,NA,NA,NA,NA,3434,421,8.3,4.6,2.9,2.5,2.2,1.8,5.1,4.3,4.7,3,9.8,6.3,8.8,4.1,17.3,5.7,9.9,4.1,30.9,6.5,118281,28874,175886,23231,NA,NA,NA,NA,18.6,NA
"17","10019",26900,1694,6.6,1.8,3.9,1.8,7.4,3.2,3.6,1.5,6,1.7,7.9,3,8.3,1.8,11.7,2.4,11.9,2.3,32.9,3.7,121835,16472,198898,18779,26.3,NA,NA,NA,NA,NA,7667,785,3.7,2.1,0.3,0.3,1.6,1.2,3.5,2.6,6.8,3.5,6.5,3.2,7.5,3.2,12.8,4.6,10,3.5,47.4,6.6,178940,40310,303842,40791,NA,NA,33.8,NA,NA,NA,5699,703,1.2,1.1,0.2,0.4,1.3,1.3,2.5,2.4,4.9,3.5,6.2,3,4,3.3,9.8,3.9,10,4,59.7,7.2,242898,34225,NA,NA,NA,NA,NA,NA,NA,NA,19233,1713,7.7,2.5,5.4,2.4,9.8,4.5,3.7,1.8,5.8,2.1,8.7,4.1,8.1,2.3,11.2,2.7,12.7,2.9,26.9,4.2,103502,15415,156350,16621,NA,NA,NA,NA,23.2,NA
"18","10021",20319,1392,4.3,2,1,0.7,2.7,1.1,3.8,1.5,5,2.3,9.4,3,9.3,2.5,12.8,2.6,10.3,2.7,41.3,4.1,156712,18139,279563,28423,42,NA,NA,NA,NA,NA,9515,1106,0.4,0.5,0.2,0.3,0.7,0.6,2.4,1.8,2.2,1.6,6.2,3,8.6,3.9,7.5,2.7,10.5,3.8,61.3,5.8,NA,NA,425586,52050,NA,NA,42.6,NA,NA,NA,8685,1019,0.5,0.6,0.2,0.3,0.4,0.5,2.4,2,1,0.9,4.5,2.6,8.4,4.1,7.5,2.9,11.3,4.1,63.8,5.7,NA,NA,NA,NA,NA,NA,NA,NA,NA,NA,10804,1116,7.7,3.7,1.7,1.3,4.5,2,5,2.2,7.9,4,11.9,4.2,10,2.8,17.6,4.1,9.9,3.4,23.7,4.6,102624,16174,149951,17901,NA,NA,NA,NA,41.2,NA
"19","10022",18627,1382,4.4,1.8,1.3,0.7,5.3,2.7,1.7,0.7,4.6,2.1,5.7,1.8,9.6,2.4,11.5,2.1,12,2.7,43.9,4.6,171038,21200,283490,28428,41.2,NA,NA,NA,NA,NA,7884,1078,0.6,0.7,0.1,0.1,5.2,5.8,1,0.7,3.3,2.5,2.9,1.8,5.9,4.2,4.8,1.9,13.9,6.1,62.3,7.5,NA,NA,407587,48780,NA,NA,51.7,NA,NA,NA,6994,1045,0.4,0.7,0.1,0.1,4.9,6.5,0.6,0.7,3.1,3,3.1,2,2.6,1.7,3.9,1.7,15,6.5,66.2,7.7,NA,NA,NA,NA,NA,NA,NA,NA,NA,NA,10743,984,7.1,3.2,2.3,1.2,5.4,2.6,2.1,1.1,5.5,3,7.9,2.7,12.4,3.5,16.3,3.5,10.6,2.8,30.4,5.4,120932,14308,192082,27983,NA,NA,NA,NA,33.5,NA
"20","10023",36881,1669,4.8,1.2,3,1.2,3.7,1.1,3.3,1,4.2,1,10.7,1.7,8,1.5,11.4,1.8,10.4,1.9,40.6,2.8,157866,17751,255254,14912,36.1,NA,NA,NA,NA,NA,14476,1326,1.7,1.1,0.7,0.8,1.1,0.8,2,1.3,1.9,1,7.4,3,4.4,1.6,9.5,2.5,7.8,1.8,63.5,4.3,NA,NA,379578,31892,NA,NA,38.6,NA,NA,NA,11736,1243,0,0.1,0,0.3,1.2,0.9,0.9,0.9,1.7,1,5,2.6,3.3,1.5,8.7,2.9,8.1,2.2,71.1,4.9,NA,NA,NA,NA,NA,NA,NA,NA,NA,NA,22405,1571,6.9,2,4.5,2,5.4,1.7,4.2,1.5,5.7,1.7,13,2.4,10.2,2.3,12.4,2.7,12,3.3,25.7,3,100986,18803,174361,16864,NA,NA,NA,NA,34.3,NA
"21","10024",29447,1909,3.8,1.6,2.2,1,2.5,0.9,3.2,0.9,3.4,1.4,7.4,2.4,6.3,1.5,14.7,2.7,10.8,2.6,45.6,3.8,182614,10776,311852,24538,37.9,NA,NA,NA,NA,NA,14502,1435,2.6,2.5,1.1,1,0.2,0.4,1.6,0.9,1.9,2.1,2.1,0.9,4.3,1.6,14.7,6,8.6,2.8,62.9,5.9,NA,NA,454629,44857,NA,NA,41.1,NA,NA,NA,12395,1287,0,0.3,0.8,1.1,0.3,0.4,1.7,1.1,1.9,2.4,2,1,3.5,1.5,11.7,5.3,8.5,2.9,69.5,5.6,NA,NA,NA,NA,NA,NA,NA,NA,NA,NA,14945,1558,4.9,1.9,3.3,1.6,4.7,1.7,4.9,1.7,4.9,2.1,12.6,4.5,8.5,2.3,17.3,2.7,10.2,2.3,28.7,4.7,114392,11220,171036,21195,NA,NA,NA,NA,31.4,NA
"22","10025",41029,1381,8.3,1.6,4.1,1.1,5.7,1.2,4.9,1.8,4.9,1.1,8.2,1.5,9.9,1.5,15.5,2.1,8,1.4,30.5,2.3,109195,7981,187891,11804,33.9,NA,NA,NA,NA,NA,19284,1149,3.5,1.8,1.9,1.2,2.7,1,4.4,3.1,4,1.7,6.4,2,8.6,1.7,15.8,3.7,9.6,2.3,43.1,4.4,157394,20597,265787,22161,NA,NA,34.9,NA,NA,NA,13163,1037,1.2,0.9,0.3,0.5,1.2,0.8,2.7,3,1.1,0.8,4.9,1.9,4.9,2,14.8,4.4,12.4,2.9,56.5,5.2,233036,35513,NA,NA,NA,NA,NA,NA,NA,NA,21745,1120,13.1,2.4,6.1,1.8,8.1,2.1,5.4,1.8,5.8,1.6,10,2.2,11.2,2.3,15.8,2.7,6.6,1.6,18,2.9,76970,8315,115496,10982,NA,NA,NA,NA,31.6,NA
"23","10026",15537,988,6,1.6,6.6,1.9,8.7,2.5,7.1,4.1,9.3,2.4,12.8,2.3,9.9,2,12.9,2.8,9.1,1.8,17.6,2.7,74140,6817,126720,10877,40.7,NA,NA,NA,NA,NA,7321,601,4,2.2,2.2,1.3,5.9,2.8,4.1,2.3,12.1,3.7,14.5,3.5,6.6,2.6,12.7,3.8,10.8,2.7,27,4.2,103169,22554,170148,17076,NA,NA,51.5,NA,NA,NA,3848,477,1,1.2,0,1,3.6,3.2,3.2,3.3,4.6,2.5,8.4,3.8,5.6,3.1,11.5,5,15,4.5,47.1,6.5,193537,20229,NA,NA,NA,NA,NA,NA,NA,NA,8216,886,7.8,2.7,10.5,3.2,11.1,4.1,9.7,7.1,9,3,11.6,3.4,11.7,2.9,13.1,4.2,6.4,2.1,9,2.4,55453,10409,86028,9491,NA,NA,NA,NA,30.6,NA
"24","10027",24509,1021,11.9,2.3,6.7,1.3,9.9,2,5.4,1.6,7.6,1.8,13,2.3,9.7,1.7,11.2,1.8,8.3,2.3,16.3,2.4,64220,5357,116529,9607,46.8,NA,NA,NA,NA,NA,10994,736,11.2,3.2,3.8,2,7.6,2.3,4.6,2,7.8,2.8,12.3,3,7.7,2.4,13.1,3,9.1,2.7,22.8,3.4,83204,10550,149424,15431,NA,NA,49.8,NA,NA,NA,5617,599,2.3,1.6,2.2,2,1.8,1.2,1.7,1.7,6.3,3.3,9.8,3.1,6.7,3.2,16.9,4.5,12.4,4.4,39.8,5.5,154509,20518,NA,NA,NA,NA,NA,NA,NA,NA,13515,1008,12.5,2.9,9.3,2.2,12.1,2.9,5.9,1.9,8.1,2.5,14.4,3.1,10.2,2.4,10.4,2.3,7.4,3.5,9.7,2.5,52907,6108,86960,10431,NA,NA,NA,NA,44.1,NA
"25","10028",24901,1656,3.5,1.1,1.8,1.5,3,1.2,3.2,1.5,3.2,1.8,8.2,1.6,9.2,2.2,14.2,3,9.2,1.6,44.4,4,168125,27219,282107,19605,33.2,NA,NA,NA,NA,NA,10580,1362,0.9,0.9,0.1,0.2,0.6,0.7,0.7,0.7,1.6,0.9,3.8,1.9,4,2.3,8.9,2.8,7.1,2.4,72.2,4.3,NA,NA,464064,30756,NA,NA,35.4,NA,NA,NA,9481,1319,0.6,0.8,0,0.4,0,0.4,0.6,0.7,1.7,1,4,2.1,3.8,2.6,7.6,2.9,7,2.4,74.8,4.4,NA,NA,NA,NA,NA,NA,NA,NA,NA,NA,14321,1254,5.5,1.8,3.1,2.5,4.8,1.9,5.1,2.5,4.3,3,11.4,2.7,13,3.1,18.1,4.7,10.7,2.7,23.9,3.7,106564,17374,147398,15448,NA,NA,NA,NA,31.6,NA
"26","10029",33098,1601,14.1,2.8,13.1,3,11.7,2.1,8.5,1.6,10.2,1.7,14,2.2,7.5,1.6,7,1.2,4.8,1.2,9.2,1.4,38308,5058,79430,6453,53.7,NA,NA,NA,NA,NA,16049,1405,11.6,3.3,10.1,5.5,10.7,2.7,10.4,2.7,11.8,2.7,13.7,3.1,7.7,2.4,6.6,1.7,5.6,2.2,11.8,2.1,43324,7206,97472,11198,NA,NA,57.1,NA,NA,NA,5923,624,1.3,1,3.5,2.3,8.5,3.9,5.9,3,14.5,5.2,11.9,3.9,6.7,2.9,9.3,2.8,10.5,4.4,27.9,4.7,90331,23766,NA,NA,NA,NA,NA,NA,NA,NA,17049,1303,16.4,3.8,16.4,2.9,13.4,3.2,6.6,1.9,8.3,2,13.9,2.9,7.5,2.2,7,1.8,3.9,1.3,6.6,1.6,29410,5322,61334,5892,NA,NA,NA,NA,50.3,NA
"27","10030",13180,836,12.2,2.9,11.1,3,11.3,2.7,7.8,2.4,11.6,3,13.2,3.4,11.6,4,7.7,2.3,4.5,1.9,8.9,2.3,42738,7344,80313,10057,44,NA,NA,NA,NA,NA,5756,654,9.2,4.4,5.7,3.2,10.8,4.3,7,3.9,14.1,4.7,14.3,4.1,10.7,3.8,10.2,4.1,4.3,2.4,13.6,4.9,54711,11466,107303,21677,NA,NA,51,NA,NA,NA,2081,389,8.5,8,0,1.9,8,4.9,6.6,5.3,7.5,4.5,15.6,7.2,13.8,8.4,13.7,7,10.4,6.4,15.9,6.2,79430,22064,NA,NA,NA,NA,NA,NA,NA,NA,7424,769,14.5,4.5,15.6,4.8,11.6,4.4,8.7,3,10.4,4,12.1,4.3,12.2,5.8,5.8,2.3,3.9,2.5,5.1,2.2,33455,6536,56910,6434,NA,NA,NA,NA,37.5,NA
"28","10031",21991,894,8.5,1.7,6.6,1.6,8.7,1.7,7.5,2.2,9.7,2,14,2.3,11.4,2.2,13.2,2.5,9.4,2,11,2.1,65067,5780,95724,7491,44.5,NA,NA,NA,NA,NA,10922,853,4.4,2.6,4.4,2,9.9,2.7,9,3.9,11.2,3.2,13.4,3.1,13.4,3.3,13.8,3.3,8.5,2.9,11.9,3.4,67889,10666,100968,12238,NA,NA,49.6,NA,NA,NA,5442,619,2.3,2.2,4.9,2.8,8,3.9,5,3.2,6,3.3,13.6,4.7,17.2,5.7,12.9,4.6,12.8,5.3,17.2,5,90897,8474,NA,NA,NA,NA,NA,NA,NA,NA,11069,677,13.8,2.6,8.4,2.3,8,2.6,6.3,2,8.5,2.7,14.9,3.2,11.5,2.8,11.1,2.6,8.9,2.3,8.7,2.5,55243,5767,81827,7848,NA,NA,NA,NA,36.4,NA
"29","10032",21359,1040,7.9,1.7,9.8,2.3,8,1.9,7.5,1.8,10.2,2.7,17.7,3.1,11.8,2.3,13.7,2.3,6.7,1.5,6.8,1.8,56588,5131,83374,9457,43.8,NA,NA,NA,NA,NA,10009,822,6.6,2.5,6.5,2.6,4.8,1.8,9.7,2.9,10.5,3.6,20.9,4.5,11.9,3,14.8,4,5.2,1.8,9.1,2.9,61633,5318,96316,17526,NA,NA,53,NA,NA,NA,4289,577,4.3,3.5,4.3,3.2,3.3,2,7.2,4.4,9,4.1,20.8,5.7,10,4,18.8,5.7,9,3.7,13.2,4.5,76530,17925,NA,NA,NA,NA,NA,NA,NA,NA,11350,930,9.1,2.5,12.6,3.9,11,3.4,5.8,2.3,10.6,3.9,17.3,4.9,11.6,3.4,11,2.7,7.1,2.3,3.9,1.6,51577,6873,67382,6877,NA,NA,NA,NA,34.5,NA
"30","10033",19747,966,9.2,2.2,4.6,1.5,8.3,1.9,6.5,1.9,7,2.1,13.8,2.2,10.1,2.4,18.8,2.9,7.5,1.7,14.1,2.8,75585,4795,125737,32208,41.8,NA,NA,NA,NA,NA,10899,906,5.5,2.1,2.2,1.3,6.8,2.7,6.4,2.3,6,2,15.5,3.6,11,3.3,19.1,3.9,8.8,2.5,18.8,5.1,94017,14209,163521,59254,NA,NA,51.2,NA,NA,NA,5681,787,1.8,1.5,0.7,0.9,2.6,1.9,5.7,3.6,4.8,2.7,8.3,3.3,7.7,2.8,21.5,5.9,13.5,4.1,33.5,8.3,140921,24423,NA,NA,NA,NA,NA,NA,NA,NA,8848,783,14.7,4,8.3,3.2,10.2,3.1,6.9,2.9,8.6,3.6,13.9,3.7,7,2.2,18.5,4,6,2.3,6,2.6,52438,14628,72855,7939,NA,NA,NA,NA,29.2,NA
"31","10034",15462,617,6,1.9,7,1.9,8.6,2.2,5.9,1.9,9.8,1.9,15.9,2.9,11.1,2.6,16.1,2.6,9.9,2.4,9.6,2,69786,9328,96915,8085,43.6,NA,NA,NA,NA,NA,8172,592,3.8,2,3.2,2.1,8,3.4,8,3.1,9.2,3,14.1,3.6,7.4,2.8,17.1,3.6,14.1,3.7,15.1,3.6,90523,16299,118330,13791,NA,NA,53,NA,NA,NA,4335,575,2.5,1.9,2.2,3,4.8,3.7,2.6,2.3,7.3,2.8,16.6,5.1,6.2,3.8,14.6,3.5,20.2,5.9,23,5.2,125807,24224,NA,NA,NA,NA,NA,NA,NA,NA,7290,646,8.6,3.4,11.3,3.6,10.1,3.3,5.6,2.9,10.1,3,17.2,4.6,14.6,4.1,14.5,3.4,5.5,2.6,2.7,1.2,58117,8345,69012,7703,NA,NA,NA,NA,31.6,NA
"32","10035",15056,802,16,2.9,13.4,2.2,11.1,2,6.9,1.8,8.8,2.2,12.3,2.4,7.3,1.9,11.7,2.1,6.4,1.9,6,1.6,40556,6699,74154,9623,55.8,NA,NA,NA,NA,NA,6856,652,10,4.2,11,3.5,12.1,3.5,8.7,3.2,10,3,12,3.3,6.1,2.6,14.2,3.5,9.3,3,6.5,2.6,46813,8862,86555,15249,NA,NA,61.8,NA,NA,NA,2734,419,1.1,1.9,4.3,3.1,10.3,6,7.9,6.1,12.6,6.3,8.6,4.3,7.6,4,20.4,7.6,11.7,4.8,15.5,6.5,96824,22617,NA,NA,NA,NA,NA,NA,NA,NA,8200,775,21.3,4.7,16.8,4,11,2.9,5,1.5,7.5,2.7,11.9,3.4,7.9,2.7,9.9,2.7,4.1,2.5,4.6,1.7,26242,7892,60677,11762,NA,NA,NA,NA,50.8,NA
"33","10036",18886,1076,4.8,1.4,3.6,1.3,9.4,3.4,4.7,1.5,7.3,2,12.4,2.2,7.7,2.1,17,4.1,10.7,2.7,22.4,3,100225,13285,153956,12533,20.5,NA,NA,NA,NA,NA,4922,760,1.4,1.1,0.4,0.6,14.6,10.1,3.9,3.6,5.5,2.9,8.5,5.2,7.6,3.3,11,4.9,7.7,3.8,39.6,7.8,135122,44913,243690,46733,NA,NA,22.5,NA,NA,NA,3394,591,1.1,1.2,0.5,0.9,3.6,2.9,2.4,2.3,3.2,2.4,8.1,6.2,6.2,3.5,14.6,6.2,9.8,5.1,50.4,9,205560,60339,NA,NA,NA,NA,NA,NA,NA,NA,13964,927,6.1,2,4.7,1.8,7.5,2.4,5.6,1.9,8,2.5,13.7,3.2,7.8,2.2,18.6,4.9,11.7,3.3,16.2,3.6,89797,17963,121241,10350,NA,NA,NA,NA,19.3,NA
"34","10037",10205,740,16.3,4,7,2.4,10.4,2.8,6.9,2.4,9.1,2.6,13.2,3.4,10.5,3,10.4,2.6,7.9,2.5,8.3,2.9,51250,14558,88255,14094,53.4,NA,NA,NA,NA,NA,3675,541,11.4,6.7,4,2.3,5.5,3.2,5,3,6.6,3.5,16.9,6.7,14,6.1,10.3,4,11.4,5.4,14.9,5.4,75606,10745,132126,32896,NA,NA,50.7,NA,NA,NA,1599,313,1.9,2.7,0,2.5,9.8,6.9,4.6,4,5,6,20.1,8.5,10.8,6.2,6.7,3.5,16.4,9.9,24.8,9.9,96888,42044,NA,NA,NA,NA,NA,NA,NA,NA,6530,608,19,4.9,8.7,3.6,13.1,4.1,7.9,3.1,10.7,3.6,11.3,3.2,8.5,3,10.8,3.2,5.4,2.6,4.6,2.4,38670,9742,63088,9502,NA,NA,NA,NA,54.9,NA
"35","10038",10694,931,9,5,6,2,6,1.9,3.3,1.3,5.1,2.2,7.5,2.7,8.7,2.5,15.3,4,9.4,3.3,29.7,5.3,115121,27456,168823,22725,45,NA,NA,NA,NA,NA,4247,611,9,4.7,3.4,2.2,7.3,3.3,2.8,1.7,4.8,3.6,7.2,3.5,8.5,3.7,13.2,5.5,13.1,6.3,30.8,7.5,118984,20050,184580,39612,NA,NA,45.5,NA,NA,NA,2887,548,6.3,5.1,1.4,1.7,4.9,3.4,1.9,1.3,2.2,1.9,5,3.1,9.2,4.7,10,4.9,17.4,8.7,41.7,10.7,163321,43932,NA,NA,NA,NA,NA,NA,NA,NA,6447,803,9,7.3,7.8,3.2,5.3,2.3,3.5,2,5.3,2.8,7.7,3.7,9.6,3.4,16,5.4,6.9,2.9,28.9,6.7,103071,21074,156922,24379,NA,NA,NA,NA,44.7,NA
"36","10039",12427,833,10.3,2.8,6.6,2.4,10.2,4,7.8,2.5,15.3,4.6,15.8,3.6,8.4,2.6,14.3,3.9,7.1,2.4,4.2,1.4,48792,12148,72337,6397,42.8,NA,NA,NA,NA,NA,6947,836,8.7,4.1,7.2,3.9,11,5.5,8.5,2.9,18.1,6.8,15.1,5.1,8.2,3.5,12.1,3.9,6.8,3.5,4.4,1.6,43798,11492,71946,9157,NA,NA,50.7,NA,NA,NA,2129,468,5.6,8.5,3.7,4.2,13.2,12,6.2,4.3,11.2,8.1,13,7.2,5.1,3.4,19.3,9,11.6,7.3,11.2,4.9,72520,41371,NA,NA,NA,NA,NA,NA,NA,NA,5480,707,12.3,4.3,7.1,3.4,8.6,3.9,7.6,4,11.7,5.9,16.8,4.9,10.3,4.1,15.7,6.7,6.1,3.6,3.7,2.3,55227,14847,69427,8891,NA,NA,NA,NA,31.9,NA
"37","10040",16260,722,8.1,2.2,5.8,2,7.6,2.5,8.2,2.5,10.7,2,14.8,2.7,11.7,2.2,17.3,3,6.2,1.8,9.6,1.7,64022,7473,91539,7176,42.6,NA,NA,NA,NA,NA,8748,608,5,2.3,3.6,2,7.4,2.6,8.6,3.6,10.3,3,13.2,3.4,14.2,3.5,18.9,4.4,5.6,2.1,13.2,2.8,76442,5422,106690,11959,NA,NA,48.4,NA,NA,NA,4284,542,4.6,3.4,0.7,0.9,5.3,2.8,5.2,3.6,8.1,4,11,4.1,18.4,6,17.8,5.8,8.6,4,20.3,4.3,94059,11048,NA,NA,NA,NA,NA,NA,NA,NA,7512,702,11.9,3.5,8.4,3.6,8.6,3.4,8.2,3.4,11,3.1,17.9,3.9,11.4,3.4,14.1,3.4,4.6,2.5,4,1.7,52467,7184,68429,6594,NA,NA,NA,NA,34.7,NA
"38","10044",5146,524,6.4,2.7,3.1,2.2,4.1,2.3,2.9,2,5.5,3.6,14.6,5.2,11.2,3.9,15.3,3.8,8.7,2.9,28.3,5.2,106146,29688,172339,22145,30.1,NA,NA,NA,NA,NA,2735,359,3.3,3.7,4,3.5,2.7,1.9,0.4,0.7,3.2,2.2,9.8,4.2,15.2,6.4,15.8,5,10.1,3.5,35.6,6.9,137901,18064,215129,33278,NA,NA,30.6,NA,NA,NA,2257,337,0.3,0.5,2.6,2.3,2.5,2.1,0.5,0.8,3.1,2.4,6.4,3.4,17,7.7,16.6,6.1,9.4,3.9,41.6,7,158514,37807,NA,NA,NA,NA,NA,NA,NA,NA,2411,486,10,4,2.1,2.6,5.6,4.5,5.8,4.2,8,6.7,20,10.1,6.6,3.2,14.7,6.2,7.3,3.7,19.9,7.2,68199,33641,123799,23738,NA,NA,NA,NA,29.5,NA
"39","10128",30154,1383,5.6,1.8,2.5,1.3,2.7,0.8,4.6,2.1,4.2,1.5,7.3,1.6,8.7,1.6,14.8,2.7,11.5,2,38.1,2.9,148705,7649,243787,18613,33.3,NA,NA,NA,NA,NA,13687,930,4,1.8,1.3,0.8,0.9,0.6,1.9,1.1,1.6,1.1,5.9,2.2,7,2.4,10.7,2.8,12,3.3,54.7,3.8,225389,21481,348244,25865,NA,NA,36.3,NA,NA,NA,10763,832,1.1,0.9,0.8,0.7,0.6,0.5,2.4,1.4,1.6,1.4,3.2,1.5,5.1,1.9,10,2.8,10.8,3.1,64.4,4.3,NA,NA,NA,NA,NA,NA,NA,NA,NA,NA,16467,1355,7.1,2.9,3.8,2.2,3.9,1.4,6.6,3.7,6.3,2.4,9.1,2.3,9.3,2,18.3,4.1,11.1,2.2,24.3,3.7,108340,8907,156413,26205,NA,NA,NA,NA,29.8,NA
"40","10280",4222,755,0,0.1,0.3,0.9,1.5,1.8,0.6,1.1,3.4,3.3,2.9,2.5,6.3,5.2,12.4,6,21.2,9.4,51.3,11,206250,81683,343601,74014,29.8,NA,NA,NA,NA,NA,1985,608,0,2,0.6,2,0,2,0,2,2,3.4,1.2,2,1.6,2.7,5.2,5.2,24.1,15.1,65.4,16.2,NA,NA,451637,132761,NA,NA,23,NA,NA,NA,1708,583,0,2.3,0.7,2.4,0,2.3,0,2.3,0,2.3,1.4,2.3,1.8,3.1,2.9,4.4,28,16.9,65.2,17.4,NA,NA,NA,NA,NA,NA,NA,NA,NA,NA,2237,578,0,0.1,0,1.8,2.8,3.3,1.2,2,6.5,5.9,4.5,4.3,10.5,9.3,17.1,10.1,18.7,11.1,38.8,14.4,156945,41393,246098,60356,NA,NA,NA,NA,34.2,NA
"41","10282",2584,386,2.7,3,0.6,1,0,1.5,3.1,2.9,0.5,0.8,1,1.2,1.6,2,7.5,5.5,17,9.1,66,9.5,NA,NA,468406,90984,45.7,NA,NA,NA,NA,NA,1516,319,1.9,3.4,0,2.6,0,2.6,2.2,3.5,0,2.6,4.4,5.8,2.6,4.4,7.3,7.2,18.9,13.7,62.7,13.5,NA,NA,449847,94338,NA,NA,42.5,NA,NA,NA,1170,323,0,3.4,0,3.4,0,3.4,0,3.4,0,3.4,0,3.4,0,3.4,3.7,4.2,22.6,16.7,73.8,16,NA,NA,NA,NA,NA,NA,NA,NA,NA,NA,1068,278,3.9,5.5,1.5,2.6,0,3.7,4.3,5.3,1.2,2,1.4,2.3,3.9,4.9,7.8,9.1,9.1,9,66.9,14.8,242346,50816,469539,168435,NA,NA,NA,NA,50.3,NA
"42","10301",14430,624,7.4,1.6,3.6,1.2,5,2,5.1,1.5,6.8,1.5,17.2,2.4,12.6,2.7,17.2,2,10,2,15.2,2.2,84937,6867,116032,6458,53.1,NA,NA,NA,NA,NA,9008,620,5.6,1.9,1,0.9,4.5,2.7,4.8,2,4.1,1.3,18.5,3,12.8,3.5,15.9,2.7,11.8,2.5,21.1,3.3,96775,8667,136980,9059,NA,NA,58.1,NA,NA,NA,5167,537,2.3,1.7,0.7,0.6,3.7,2.6,1.7,1.3,3.4,1.6,13.2,3.6,8,2.8,19.5,4,16.5,3.9,30.9,4.9,138566,16777,NA,NA,NA,NA,NA,NA,NA,NA,5422,531,10.6,3.4,8,2.8,6,2.7,6.8,2.4,11.6,3,17.4,4.9,13.5,4.7,18.1,3.9,3.9,1.8,4,1.5,62692,7738,73235,6975,NA,NA,NA,NA,43.7,NA
"43","10302",6159,508,9.5,3.9,1.2,0.7,6.7,2.5,5,2,11.9,4.5,15,5.1,10.9,3.5,18.3,4,10.5,2.7,11,3.6,76089,11899,96783,9490,54.3,NA,NA,NA,NA,NA,4342,517,6.2,4.1,0.9,1,5.2,2.6,3.1,1.9,14.2,5.9,10.7,4.8,11.4,3.9,22.2,5.2,13.3,3.6,12.9,4.6,93804,21790,109182,11486,NA,NA,51.9,NA,NA,NA,2911,480,1.1,1.5,0.7,0.9,4.6,3.2,3.1,2.2,10.6,7,6.1,3.4,13.7,5.6,27.4,6.6,16.7,4.9,16.1,6.5,126023,24703,NA,NA,NA,NA,NA,NA,NA,NA,1817,403,22.1,10,2.3,2.3,10.5,5,9.5,5.6,5.5,4.9,25.7,11.5,6.5,4.5,9.4,4.3,4.5,4.3,4,3.7,52574,35884,58579,11591,NA,NA,NA,NA,54.5,NA
"44","10303",8742,385,10,2.3,3.9,1.8,7.7,2.3,3.3,1.3,7.8,2.4,13.8,3.3,13.6,3,16,2.8,13,2.6,11,2.9,79429,6375,100468,7559,59.9,NA,NA,NA,NA,NA,6313,425,9.1,2.9,2.9,1.6,4,2,2.8,1.5,6.4,2.9,10.6,3.3,14.5,3.5,21.8,3.5,15.2,3.3,12.6,3.2,99575,5250,113399,8474,NA,NA,66.7,NA,NA,NA,3435,361,3.8,2.4,1.4,1.3,1.1,1.5,2.4,1.7,4.4,2.5,11.4,5,11.5,4.2,25.3,5.1,19.7,5.1,19.1,5.5,127354,15984,NA,NA,NA,NA,NA,NA,NA,NA,2429,363,13.7,6,6.4,4.3,16.1,6.7,4.8,2.6,11.5,5.3,25.6,9.4,9.5,4.6,5.8,4.1,5.7,5.1,0.9,0.9,45864,14511,54567,9265,NA,NA,NA,NA,40.5,NA
"45","10304",15900,795,8.2,1.9,4.8,1.7,6.2,1.7,6.1,1.6,12.1,2.6,14,3,9.2,2.2,18.7,3.8,7.4,1.8,13.2,2.2,71506,7356,107989,10102,54.9,NA,NA,NA,NA,NA,10801,701,5,1.8,2.3,1.3,6.2,2.3,4.4,1.9,12.5,3.4,11.6,2.5,9.9,2.5,23.1,4.7,8,2,17,3.3,91624,14985,128469,14658,NA,NA,58.9,NA,NA,NA,6302,513,3.1,2,0.6,0.5,4.4,2.7,4.3,2.1,10.7,4.7,10.1,2.8,8.6,2.8,25.3,4.6,11,3,21.9,3.8,117562,7045,NA,NA,NA,NA,NA,NA,NA,NA,5099,708,16.8,5.2,10.3,4.1,6.1,3.1,8.8,3.3,11.1,4.2,19.3,8,8.7,4.3,9.3,3.4,6.3,3.6,3.3,1.7,43682,13559,60989,7559,NA,NA,NA,NA,46.2,NA
"46","10305",15637,742,4.9,1.6,2.4,1.1,6.8,1.7,6.2,1.8,7.9,1.8,13.2,2.8,16.8,3.2,19.6,2.7,8.9,2,13.4,2.1,86294,4463,113878,7489,49.2,NA,NA,NA,NA,NA,10590,634,2.1,1.2,0.7,0.5,4.9,1.9,4,1.5,7.4,1.8,11.3,3.5,18.2,3.2,24.9,3.6,11.5,2.8,14.9,2.6,102885,8167,130486,9438,NA,NA,52.5,NA,NA,NA,7406,559,1.6,1.4,0.6,0.5,4.2,2.3,4.8,2.2,7.6,2.1,7.2,2.4,18.9,4.1,25.4,4,10.6,3.3,19.1,3.4,109965,8866,NA,NA,NA,NA,NA,NA,NA,NA,5047,650,11.8,4.3,5.8,3.3,10.5,4.2,11.1,4.7,8.5,3.9,19.4,5.8,14.7,7.1,9.6,2.7,2.9,1.2,5.7,3.1,51566,12398,68327,10014,NA,NA,NA,NA,41.5,NA
"47","10306",19846,714,3.4,1.1,2.2,1,5.1,1.3,6.8,1.5,9.2,1.9,12.2,2.2,11.5,2.3,20.6,2.4,11.2,2,17.7,2.5,97746,9279,125636,8128,49.9,NA,NA,NA,NA,NA,14806,833,1.5,0.7,1,0.8,3.4,1.3,6,1.6,7.6,2.2,12.9,2.8,11,3.1,21.6,3,13.4,2.5,21.5,3.3,114487,10761,139434,9179,NA,NA,50.2,NA,NA,NA,10361,735,1.2,0.6,0.7,0.7,1.8,0.9,4,1.6,6.7,2.6,10.4,2.7,10.4,3.8,20.8,3.3,16.3,3,27.7,4.3,133231,11953,NA,NA,NA,NA,NA,NA,NA,NA,5040,509,9.4,3.5,6,3.1,11.3,3.4,9.9,3.4,13.8,4.3,11.5,3.1,12.5,4,15.6,4.6,4,2.4,5.8,2.5,48313,13002,77990,12733,NA,NA,NA,NA,45.1,NA
"48","10307",5135,307,3.1,1.9,0.9,1.4,2.2,1.3,1.4,0.9,5,2.2,10.2,4.2,12.6,4.7,23.9,6.7,15,4.9,25.8,4.8,138807,19123,160824,15649,54.8,NA,NA,NA,NA,NA,3940,355,0.5,0.5,0,1,0.7,0.8,0,1,2.9,1.7,10.7,5,12.2,5.8,26.7,8.3,16.8,6.3,29.6,6,145521,9567,178849,18738,NA,NA,57.5,NA,NA,NA,3450,352,0.5,0.6,0,1.2,0.3,0.5,0,1.2,1.8,1.1,11,5.2,10.9,6,27,9.1,16.4,7,32,6.6,148715,20580,NA,NA,NA,NA,NA,NA,NA,NA,1195,245,11.6,7.9,3.8,6.1,7,4.9,5.9,3.9,11.6,8,10.9,7.4,14.9,7.9,17.9,10.5,7.4,7.8,8.9,5.9,62004,35802,87310,15750,NA,NA,NA,NA,45.9,NA
"49","10308",10323,668,4,1.9,1.4,1,5,1.7,4.7,2.1,4.5,1.9,11.2,2.8,11.2,2.8,17.3,3.5,18.4,3.8,22.2,4.3,122654,16223,138577,11181,57.2,NA,NA,NA,NA,NA,8276,659,0.6,0.5,1.1,1.1,2.4,1.2,2.4,1.6,4.9,2.6,10,3.3,11.9,3.5,20.1,4.2,21.6,4.4,25,4.9,137220,16160,153582,11192,NA,NA,58.6,NA,NA,NA,6866,708,0.4,0.4,1.4,1.3,1.2,0.9,1.3,0.9,3.3,1.9,9.7,3.9,11.7,3.7,21.2,5.2,22.5,4.8,27.3,5.8,147632,20518,NA,NA,NA,NA,NA,NA,NA,NA,2047,398,18.5,8.4,2.5,2.5,15.8,7.6,13.9,7.8,7.4,4.5,12.3,6.7,10.9,4.7,10.6,7,3.4,2.6,4.6,3.5,34744,19532,58769,12491,NA,NA,NA,NA,50.8,NA
"50","10309",12108,738,5.8,2.4,3,3.4,3.1,1.3,3.6,1.5,4.6,2,13.6,3.8,7.5,2.4,15.9,3,15.6,3.5,27.3,4,123638,19422,154589,16158,57.6,NA,NA,NA,NA,NA,9310,593,3.1,1.6,0.5,0.5,1.6,1.2,2.2,1.1,4.9,2.3,12.8,4.4,8,2.8,18.4,3.8,16.5,3.6,32.2,4.7,143908,21838,172634,18515,NA,NA,60,NA,NA,NA,7909,660,2,1.5,0.6,0.6,1.6,1.4,1.4,1.1,4.1,1.8,13.4,5.2,8.3,3.1,16.6,4.3,17.4,3.6,34.5,5.1,155729,22275,NA,NA,NA,NA,NA,NA,NA,NA,2798,666,15.6,8.8,11.5,13.5,7.8,4.2,8.2,5.7,3.5,3,16.4,7.2,6.4,4.7,11.1,4.9,12.3,8.1,7.1,4.7,54357,22688,83820,21532,NA,NA,NA,NA,48,NA
"51","10310",8982,595,7,2,2.7,1.3,5.1,2,6.2,2.7,8.4,2.9,9.7,2.1,9.2,2.5,22.8,3.8,12.6,4.1,16.2,2.8,106118,14281,122637,8544,53.4,NA,NA,NA,NA,NA,6503,618,5.2,2.4,2.1,1.5,3,2.1,4,2.3,8.3,3.4,7.9,2.3,9.7,3.1,25.2,4.3,16.1,5.7,18.5,3.3,124290,8125,137818,11198,NA,NA,53.5,NA,NA,NA,4320,511,2,1.9,2.2,2.1,1.3,1.2,4.2,3.3,8,4.3,7,2.4,6,2.4,30.1,5,15.1,5.6,24,4.8,138732,8106,NA,NA,NA,NA,NA,NA,NA,NA,2479,344,12.7,4.4,4.4,3.1,10.6,4.3,10.7,6.4,10.9,5.8,14.8,4.2,10.3,4.9,18.1,7.5,3.2,2,4.3,2.6,51620,15407,71099,10889,NA,NA,NA,NA,52.2,NA
"52","10312",21366,826,3.3,1.2,1.5,0.7,3.8,1.1,4.1,1.1,7.2,1.4,11.7,2.1,12,1.8,20.6,2.1,14.7,1.9,21,2,111434,4805,135032,5363,57.1,NA,NA,NA,NA,NA,16645,833,2,1,1.1,0.9,2.5,1.1,2.3,1,5.9,1.4,10.7,2.1,12.6,2.1,21.4,2.4,17.4,2.1,24.1,2.4,128279,4808,149318,5794,NA,NA,57.9,NA,NA,NA,12737,730,0.9,0.6,0.3,0.4,1.5,0.7,2.2,1.1,5.4,1.8,8.9,1.8,11.8,2.3,21.3,2.7,18.2,2.3,29.5,2.6,145602,6822,NA,NA,NA,NA,NA,NA,NA,NA,4721,447,9.2,3.7,3.1,1.7,8.3,2.7,10.6,3.8,13.2,3.1,17,4.8,11.1,4.2,17.2,5.7,4.9,2.8,5.3,2.6,53961,4278,75351,7703,NA,NA,NA,NA,52.5,NA
"53","10314",31419,816,3.7,1.1,2.8,0.9,4.9,1,5.7,1.1,9.7,1.4,10.8,1.4,10.7,1.3,17.8,1.8,13.4,1.4,20.7,1.9,104655,5348,131486,5925,57,NA,NA,NA,NA,NA,23446,1000,2.6,1.2,1.4,0.6,2.7,0.8,4.6,1.3,7.8,1.6,9.5,1.5,11.4,1.7,19.5,2.1,15.9,1.7,24.5,2.3,123776,6616,147844,6910,NA,NA,58.5,NA,NA,NA,17804,856,2.1,1.3,0.7,0.4,1.7,0.7,4.3,1.4,7.5,1.9,9.4,1.8,10.6,1.6,17.2,2.1,17.3,1.9,29.2,2.9,141035,8714,NA,NA,NA,NA,NA,NA,NA,NA,7973,650,7.5,2.6,6.6,3,11.9,3.4,10.1,2.7,14.5,4.3,14.8,3.4,11.8,3.5,14,3,4.4,2.3,4.5,1.9,49408,5828,71120,6243,NA,NA,NA,NA,50,NA
"54","10451",21414,903,12.5,3.1,10.7,2.6,14.4,2.8,9.8,3.2,14,2.9,12.2,2.9,10.5,2.7,7.5,2.1,4.5,1.3,3.9,1.6,37111,4573,59107,5474,40.8,NA,NA,NA,NA,NA,11352,985,10.7,4,6,2.3,12.3,3.9,10.4,4.7,16.6,4.2,12.3,3.3,10.9,3.5,11.3,3.4,5.3,2.1,4.2,1.7,45032,5740,68132,7067,NA,NA,46.8,NA,NA,NA,3973,594,2.4,2.2,2.3,1.9,6.2,4.2,14.7,8.3,12.2,6.2,13.2,4.9,9,4.1,21,7.1,8.7,3.5,10.4,4.5,73268,13634,NA,NA,NA,NA,NA,NA,NA,NA,10062,979,15,4.5,18,4.8,17.7,4.3,8.7,3.8,11.9,4.1,11.2,4,9.7,4.4,2.7,1.4,2,1.5,3.2,2.4,24500,7307,43927,6966,NA,NA,NA,NA,33.7,NA
"55","10452",28397,946,12.2,2.2,11.4,2.3,11.8,2,11.4,2.5,14,2.3,14.8,2.5,11.1,2.3,8,1.6,3.5,1.1,1.8,0.7,37854,3385,54449,3610,50.4,NA,NA,NA,NA,NA,17663,1079,10.1,2.5,6.7,1.9,11.1,2.4,10.8,2.8,16.3,3.1,17.8,3.4,12.2,3,9.2,2.1,3.5,1.3,2.4,1,46432,3376,61549,5691,NA,NA,55.8,NA,NA,NA,6148,710,3.3,2.1,2,1.7,4.5,2.4,10.5,6.4,15.3,4.7,20.9,5.5,15.7,4.6,15.3,5.3,7.4,3.4,5.1,2.7,66952,7193,NA,NA,NA,NA,NA,NA,NA,NA,10734,848,18.1,4.4,19.6,4.9,14.4,3.4,13.4,5.3,10.5,3.7,10.1,3.1,7.2,2.8,5,2.4,1.1,1,0.5,0.6,22393,5250,35787,3829,NA,NA,NA,NA,39.2,NA
"56","10453",28462,930,17,2.6,10.6,1.9,11.7,2,10.3,2.1,11.6,1.9,15.3,2.3,8.4,1.8,9.4,1.8,3.3,0.9,2.4,1,35482,3085,53758,3637,47.2,NA,NA,NA,NA,NA,17793,902,11.9,2.8,5.8,1.8,8.6,2,11.9,2.8,14.6,2.9,18.7,3.1,11.8,2.5,10,2.4,3.7,1.2,3.1,1.4,47928,2853,61344,4035,NA,NA,50.1,NA,NA,NA,5945,768,4.3,2.6,6.6,3.7,8.9,4.3,7.7,2.9,11.8,5.2,19.7,5.7,15,4.9,15.1,4.7,5.6,2.3,5.4,3.5,65505,10990,NA,NA,NA,NA,NA,NA,NA,NA,10669,835,25.8,5.1,19,3.9,17.3,4.4,8,3.1,7,2.2,10.9,3.7,3.3,2,5.7,2.5,1.7,1.3,1.3,1,18074,2742,37835,6403,NA,NA,NA,NA,41.5,NA
"57","10454",14910,619,17.5,2.9,16.3,2.7,14,2.9,8.5,2.4,11.6,2.9,10.7,2.4,4.3,1.5,10.1,2.2,3.6,1.5,3.4,1.4,27500,4278,55836,6492,52.6,NA,NA,NA,NA,NA,9278,652,16.5,3.3,8.3,2.4,11.7,3.2,9.2,3.2,15.4,4.4,13.2,3.5,5.7,2.3,12,3.5,4.9,2,3.1,1.4,38750,4789,65133,8849,NA,NA,61,NA,NA,NA,3673,518,6.5,3.5,1.9,1.9,8.2,4.8,8,4.5,15.1,8.2,15.8,5.3,9.3,5,20.7,7.4,9.9,4.7,4.7,3.1,63477,20331,NA,NA,NA,NA,NA,NA,NA,NA,5632,658,20.3,5.5,29.3,5.4,19.5,5.8,6.1,2.9,6.1,3.1,4.9,2.1,3.6,1.9,7.4,2.8,0.5,0.6,2.3,1.9,15149,2159,35036,6164,NA,NA,NA,NA,34.5,NA
"58","10455",16366,795,17.2,2.8,9.9,2.3,10.3,3.1,9.1,2.7,16,3.5,13.2,2.5,8.3,2.1,8.7,2.3,5.1,2,2.2,1,36701,1709,53392,3652,46.9,NA,NA,NA,NA,NA,10287,931,11.6,3.2,5.8,3.5,10.3,4.4,11.7,4.1,16.8,4.7,16.7,3.7,8.9,2.6,7.6,2.8,7.6,3,3.1,1.3,43236,4415,61615,5997,NA,NA,52.3,NA,NA,NA,3049,529,3.7,3.2,1.4,2,2.2,1.9,8.4,4.5,16.2,7.8,22.3,6.9,11.1,4.2,11.2,4.5,14.9,7.2,8.7,4.2,63850,15108,NA,NA,NA,NA,NA,NA,NA,NA,6079,691,29.1,5.6,19.8,5.1,10.5,4.6,6.8,3.4,12,3.9,10.6,4.2,3.7,2,6.4,3.5,1.1,1.3,0,0.7,15781,4642,31766,4250,NA,NA,NA,NA,35.4,NA
"59","10456",32601,1432,17.9,2.6,13.2,2.5,10.5,1.8,7.7,1.8,14.6,2.3,15.4,2,10.2,1.7,6.4,1.2,2.8,0.8,1.3,0.5,35676,3575,48755,3461,49.7,NA,NA,NA,NA,NA,19715,1270,12.9,2.9,6.1,2,11.1,2.8,9.3,2.5,16.2,3.6,18.1,3.1,13,2.7,9,2.1,3.3,1.1,1,0.6,44382,4869,57382,5023,NA,NA,54.8,NA,NA,NA,5617,779,3.4,2,1.6,1.2,6.1,3,7,5.1,14.6,6,23.9,5.6,23.1,5.9,13.9,5.1,4.3,2.3,2,1.3,63564,12308,NA,NA,NA,NA,NA,NA,NA,NA,12886,1059,26.4,4.4,24.3,5,12.6,3.3,7.4,3.1,10.9,3.1,9.3,2.8,4.5,1.8,2.4,1.1,1.7,1.2,0.4,0.6,14701,2181,29352,3296,NA,NA,NA,NA,41.7,NA
"60","10457",26715,1060,13.5,2,11.8,2,11.4,1.8,7.6,1.7,11.1,2,18.3,2.7,9.8,1.6,10.6,1.9,3.5,1.2,2.4,0.8,44911,4433,58366,3761,49.5,NA,NA,NA,NA,NA,17936,1112,12.1,2.7,6.1,1.9,10.1,2.1,9,2.3,11.4,2.6,21.1,3.5,12.6,2.6,11.1,2.4,3.9,1.3,2.7,1.1,52529,4622,65174,5076,NA,NA,56.1,NA,NA,NA,6061,752,3.2,1.7,2.6,1.6,8.3,3.4,5.4,2.6,13.5,4.5,19.4,4.8,16.5,4.7,21,5.6,4.6,2.1,5.5,3.2,71872,6715,NA,NA,NA,NA,NA,NA,NA,NA,8779,748,19.4,4,24,4.5,14.7,3.9,5.8,2.2,11.4,3.8,12.1,4.5,5.3,2.4,4,1.8,2.1,2,1.2,1,20038,4126,37190,4748,NA,NA,NA,NA,31.9,NA
"61","10458",28856,1056,10.6,1.6,12.4,2.2,11.1,1.8,7.6,1.3,16,1.9,16.9,2.1,10.8,1.8,9.3,1.6,3.5,1.1,1.7,0.7,42107,2257,57371,4601,40.3,NA,NA,NA,NA,NA,16966,864,8.7,2.2,5.6,1.7,10.6,2.3,8.1,1.6,17.9,2.9,19.3,3.4,12.1,2.6,11.7,2.2,3.7,1.7,2.3,1,49122,4243,66506,7027,NA,NA,46.7,NA,NA,NA,6321,774,5.1,4.7,3.1,2.6,6,2.4,7.6,3.1,16.7,4.5,18.9,5.8,18.7,4.9,15.8,4.5,3.5,1.9,4.6,1.8,67448,8426,NA,NA,NA,NA,NA,NA,NA,NA,11890,861,17.2,2.8,21.1,3.9,11.9,3.4,8.2,2.2,12.8,2.7,14.8,2.7,6.6,2.2,5.8,2.3,1.3,0.7,0.4,0.4,24922,5902,38378,2917,NA,NA,NA,NA,28.7,NA
"62","10459",17919,795,11.5,1.8,11,2.3,13.6,2.7,10.3,2.3,12.8,2.4,15.9,2.8,10.5,2,7.6,1.8,4,1.3,3,1.2,39276,5352,58743,5513,51,NA,NA,NA,NA,NA,11433,751,8.4,2,3.9,2,13.7,3.4,9.8,3.3,14.9,3,17.9,3.5,12.1,2.9,10.8,2.7,5.1,2.1,3.3,1.5,48639,5963,67752,5968,NA,NA,57.2,NA,NA,NA,4177,622,0.4,0.6,1.8,2,8.4,4.6,12.1,7.3,11,3.8,23.2,6.3,11.6,4.9,15.1,5.5,9.3,4.8,7,3.8,67079,9980,NA,NA,NA,NA,NA,NA,NA,NA,6486,742,18,3.7,23.5,4.9,15.7,4.7,9.7,3.2,9.9,3.8,13,4.9,5.8,3.5,2.9,1.6,0.4,0.5,1.1,1.1,19632,3209,37532,9511,NA,NA,NA,NA,38.8,NA
"63","10460",22734,814,12.8,2.2,13.2,2.3,12.4,2.2,10.8,2.1,11.9,2.2,12.9,2.4,9.4,2.1,9.9,1.9,3.9,1.2,2.8,0.9,36067,4274,56863,4172,52.2,NA,NA,NA,NA,NA,14246,887,8.9,2.2,7.1,2.1,12.6,2.7,11.6,2.4,14.6,2.9,13.1,2.7,11.8,3.1,11.7,2.1,5.1,1.7,3.7,1.3,44510,4398,66693,5987,NA,NA,57.9,NA,NA,NA,4719,545,1.4,1.6,3.9,2.6,7.8,4.3,8.5,2.9,11.4,3.7,14.3,4.4,17.2,4.9,18.7,4.4,10.5,3.5,6.3,2.4,78856,9581,NA,NA,NA,NA,NA,NA,NA,NA,8488,697,19.6,4.7,24.1,4.4,12.9,3.6,11.1,3.2,8.4,2.8,12.1,3.8,5.7,2.6,4.9,2.5,0.8,0.6,0.5,0.4,20593,4332,34059,3656,NA,NA,NA,NA,39.7,NA
"64","10461",19078,683,8.3,1.6,4.2,1.1,7.8,1.8,6,1.6,12.8,2.3,16.2,2.1,11.3,1.9,15.6,1.9,8.9,1.7,9,1.8,65023,3928,90619,4886,47.3,NA,NA,NA,NA,NA,12225,784,4.2,1.3,1.7,0.9,5.7,2.1,4.3,1.2,13.4,3.2,17.1,3,11.6,2.4,17,2.7,12.4,2.5,12.6,2.8,83326,7970,107820,6864,NA,NA,50.8,NA,NA,NA,7414,634,3,1.5,0.7,0.5,3.2,2,1.4,0.9,9.8,3.7,15.8,3.9,13.1,3.2,20.2,3.8,16.4,3.4,16.3,4.2,109033,17311,NA,NA,NA,NA,NA,NA,NA,NA,6853,589,16.5,3.5,8.6,2.6,12.9,3.6,9.8,3.6,13,3.3,14.9,3,8.9,3.1,12.1,2.9,2.2,1,1,0.8,38052,6443,52018,4279,NA,NA,NA,NA,37.6,NA
"65","10462",29538,942,8,1.3,4.7,1,8,1.1,7.5,1.3,10.3,1.6,19.3,2.1,12.6,1.4,18.3,2,6.1,1.1,5.1,1,63460,3434,80576,4422,49.7,NA,NA,NA,NA,NA,18182,892,6.1,1.9,2.3,1,6,1.4,7.3,1.3,10,2.1,20.2,3,13.9,2,20,3.1,7.7,1.7,6.6,1.5,70874,7698,90744,6539,NA,NA,54.7,NA,NA,NA,9275,694,2.7,1.5,1.8,1.1,4.3,1.7,6,2.3,8.7,2.3,18.3,4,13.5,2.8,26.1,4.2,10.6,2.8,8,2,91068,9788,103002,7944,NA,NA,NA,NA,NA,NA,11356,769,12.3,2.1,8.7,2.2,11.6,2.1,9.2,2.6,11.2,2.6,19.2,3.1,10.1,2.5,13.7,3.1,2.7,1.3,1.4,0.7,43626,7498,57088,4280,NA,NA,NA,NA,40.4,NA
"66","10463",29575,1231,6.8,1.4,6,1.8,8.2,1.7,7.1,1.5,9.4,1.4,15,2,11.8,1.7,14.7,1.9,9,1.6,11.9,1.5,72952,2710,101956,5306,41.1,NA,NA,NA,NA,NA,16495,1013,5.3,1.8,3.5,2.1,6.5,2.1,7.2,2,8.9,2,13.5,2.6,12.2,2.4,14.6,2.4,11,2.2,17.1,2.5,84178,7282,122236,8988,NA,NA,45.6,NA,NA,NA,9096,793,2.1,1.4,0.7,0.7,2.9,1.3,4.4,2,7.3,2.6,8.4,2.7,14.1,3.6,17.1,3.3,16.1,3.5,26.8,3.8,126204,12464,NA,NA,NA,NA,NA,NA,NA,NA,13080,1073,8.7,2.6,9.7,3.6,10.5,2.4,7.4,2.4,9.5,2.2,17.6,3.6,11.8,2.3,14.8,2.9,5,2.3,4.9,1.8,56527,4295,73152,5998,NA,NA,NA,NA,33.9,NA
"67","10464",2081,302,5.1,4.1,0,1.9,0,1.9,20.3,10.5,6.3,5.3,4.8,5.1,13.1,8,16.3,8.6,15.2,9.2,18.7,10.5,100306,45037,132151,29562,40.7,NA,NA,NA,NA,NA,1220,347,1.2,2.3,0,3.2,0,3.2,9.3,9.6,2.5,3.2,4.7,7.8,17.2,12.4,28,15.1,7.5,6.2,29.6,14.2,107500,36896,168125,43847,NA,NA,34.8,NA,NA,NA,734,232,2,3.6,0,5.3,0,5.3,6.4,7,4.1,5,0,5.3,19.8,14.2,22.1,11.3,12.5,10,33.1,17.7,143289,29979,NA,NA,NA,NA,NA,NA,NA,NA,861,292,10.7,9,0,4.5,0,4.5,36,21.3,11.8,11.2,5,6.2,7.3,8.2,18.2,14.8,7.5,8.2,3.4,5.5,37568,23416,68015,20392,NA,NA,NA,NA,49.1,NA
"68","10465",16221,633,8.2,2.2,3.9,1.3,6,1.3,5.2,1.5,9.5,1.9,11.1,2.2,11.1,1.8,16,2,13.6,2.4,15.5,2.1,90255,7111,110108,6011,52,NA,NA,NA,NA,NA,11065,603,4.5,1.5,1.3,0.9,3.9,1.4,3.9,1.3,9.2,2.4,12,2.9,12.1,2.3,19.7,2.8,15.7,3.2,17.6,2.4,109012,8339,123531,6132,NA,NA,52,NA,NA,NA,6638,610,1.9,1.3,0.6,0.6,2.6,1.5,2.7,1.4,3.5,1.5,9,2.4,12.9,2.9,21.1,4.2,22.7,4.7,22.9,4.1,141229,13602,NA,NA,NA,NA,NA,NA,NA,NA,5156,557,17.6,5.3,9.2,3.2,11.4,3.7,7.4,3.1,12.3,3.6,10.1,3.5,8.3,2.6,10.4,2.8,6.1,3.6,7.1,4.2,38817,8921,71048,13691,NA,NA,NA,NA,49.7,NA
"69","10466",25262,1053,8.3,2.1,6.3,1.6,9,1.9,5.4,1.5,10.1,1.7,14.8,2.2,12.8,1.9,15,2.2,9.4,1.6,9,1.7,66328,7672,90341,6299,53,NA,NA,NA,NA,NA,17976,1007,5.8,2,3.5,1.4,8.4,2.4,5.3,1.5,9.4,1.9,14.5,2.8,13.9,2.4,18.5,3.1,9.9,1.9,10.8,2.5,82585,6809,100991,8157,NA,NA,54.8,NA,NA,NA,8334,755,3.6,3.5,2.8,2,2.4,1.3,2.3,1.1,8.7,2.5,12.4,3.5,12.4,3.1,23.8,5.1,15.3,3.3,16.5,4.4,109332,8032,NA,NA,NA,NA,NA,NA,NA,NA,7286,799,15,5.2,13,4,11.6,2.8,7.1,3.5,12.1,3.7,17.3,4,11.2,3.2,7.2,2.4,4.6,2.1,0.9,0.8,37989,6145,50241,5161,NA,NA,NA,NA,46.7,NA
"70","10467",38210,1176,11.5,1.4,8.9,1.5,10.3,1.4,9.1,1.3,12.3,1.6,16.5,1.6,11.9,1.5,10.8,1.4,5,0.9,3.7,0.7,47806,2533,66931,3653,37.8,NA,NA,NA,NA,NA,22338,1097,8.2,1.5,4.3,1.5,9.5,1.8,7.6,1.4,12.7,2.2,20.5,2.7,13,1.9,12.8,1.8,7.2,1.4,4.2,0.9,59672,3759,75389,3783,NA,NA,44.1,NA,NA,NA,10477,837,3,1.5,4,2.7,7.3,2.2,4.8,1.8,11.5,3.1,23,4.2,14.3,2.7,14.4,3.6,10.7,2.7,6.9,1.7,71338,2724,92446,7238,NA,NA,NA,NA,NA,NA,15872,982,17.1,2.9,15.8,3,12.4,2.7,11.5,2.6,12.8,2.5,10.5,2,10,2.2,7,2.2,1,0.7,1.8,0.8,28391,4499,49392,6960,NA,NA,NA,NA,28.1,NA
"71","10468",28608,1215,12.8,2.8,8.3,1.5,9.9,1.8,9.3,2.1,11.8,1.8,17.4,2.6,12.7,2.1,10.7,2,4.7,1.8,2.4,0.8,46624,3636,61402,3829,45.4,NA,NA,NA,NA,NA,18334,1139,10,3.2,4.5,1.4,8.3,1.7,9.6,2.2,15.8,2.3,19.7,3.7,12.2,2.6,13,2.6,4.4,1.4,2.5,0.8,51973,4110,65448,3439,NA,NA,49.3,NA,NA,NA,6952,777,6.3,2.6,1.9,1.4,5.4,2.6,7.7,3.9,13.5,4.1,14.8,4.3,17.7,4.5,20.6,5.7,7.8,2.8,4.3,1.9,76462,12388,NA,NA,NA,NA,NA,NA,NA,NA,10274,1093,19.2,4.5,16.1,3.6,13.3,4,8.7,3.4,7.4,2.6,14.8,3.7,9.3,2.9,6,2.4,4.4,4.6,0.9,0.6,26300,4770,46283,7508,NA,NA,NA,NA,35.8,NA
"72","10469",23582,1105,7.1,1.8,5.1,1.3,7,1.6,6.5,1.5,8,1.6,15.6,2.3,12,1.9,18.4,2.6,9.7,1.7,10.6,1.6,76018,4576,98334,4684,52.2,NA,NA,NA,NA,NA,16775,1030,4,1.3,3,1.2,4.6,1.2,5.6,1.9,8.1,2,15.5,2.6,13.9,2.6,20.5,3.1,12.3,2.4,12.3,2,90745,6681,111321,5453,NA,NA,54.3,NA,NA,NA,8762,765,1.9,1.3,0.5,0.6,3.3,1.4,4.6,2.8,4.9,2.2,11.7,3.2,13.3,3.6,23.7,4.6,18.8,4.3,17.2,3.2,123641,6295,NA,NA,NA,NA,NA,NA,NA,NA,6807,783,15.2,4.7,11.6,3.5,14.1,4.8,7.8,2.5,9.4,3.6,16.9,3.8,8.5,2.7,10.8,3.1,2.8,1.4,2.9,1.4,37163,9597,54506,6714,NA,NA,NA,NA,46,NA
"73","10470",6625,498,4.3,2.4,2.2,1.4,6.4,2.5,6.6,3.2,7.2,2.3,20.6,5.9,12.1,3.3,17.3,3.5,8.6,3.1,14.9,4,81134,9832,105951,8727,47.9,NA,NA,NA,NA,NA,3707,444,1,1.3,1.6,1.7,5.6,4,1.7,1.6,6.4,3.3,17.9,6.4,11.5,4.8,19.3,5,13.5,5.4,21.4,6.1,108668,14430,130922,11237,NA,NA,53.3,NA,NA,NA,2139,433,0,1.8,1.4,1.6,7.8,6.3,1.9,2.2,8.7,5,16.6,8.3,12.6,6.9,22.2,7.1,6.3,3.4,22.5,8.6,104583,18445,NA,NA,NA,NA,NA,NA,NA,NA,2918,423,8.4,5.1,2.9,2.4,7.4,4,12.7,6.8,8.6,3.2,24.9,8.9,12.3,4,16.1,5.8,5.3,2.9,1.3,1,60847,3759,68512,6963,NA,NA,NA,NA,39.1,NA
"74","10471",9205,495,2.8,1.1,1.7,1,2.2,1.1,6.6,2.6,7.9,3.3,11.6,2.1,12,2.7,22.1,4,12.6,3,20.4,3.3,108738,11977,147500,10511,34,NA,NA,NA,NA,NA,5152,444,1.7,1.2,0.6,0.8,1,0.9,3.5,2.6,5.2,4.5,8.9,3.5,9.5,3.4,26.1,5.4,15.5,4.1,28.1,4.3,128971,21899,182167,16102,NA,NA,34.5,NA,NA,NA,4064,427,1.1,1.1,0.2,0.3,0.8,0.9,2.1,2.3,4.2,5.3,8.5,4.3,6.7,2.9,26.9,6.2,17.2,4.7,32.3,5,149228,15441,NA,NA,NA,NA,NA,NA,NA,NA,4053,403,4.6,2.2,3.2,2.1,3.8,2.1,10.8,5.1,11.3,3.7,14.7,3.8,16.2,4.7,17.8,4.6,9.6,4.7,7.9,5.2,77274,8187,100093,13522,NA,NA,NA,NA,32.6,NA
"75","10472",21950,750,14.6,2.3,7.5,1.5,11.8,1.7,8.8,1.5,13.7,1.9,16.5,2.2,9.1,1.8,9.9,1.7,3.7,1,4.4,1.2,43125,3106,60361,3546,47.7,NA,NA,NA,NA,NA,15103,847,13.9,2.6,4.7,1.4,9.8,2,8.5,2,14.5,2.3,17.8,2.8,10.1,2.4,10.7,2.2,4.3,1.3,5.7,1.5,47394,4045,66780,3925,NA,NA,52,NA,NA,NA,5752,545,4.9,2.4,2.4,1.7,6.5,2.4,4.9,2,12.7,3.3,17.8,3.6,12.5,3.7,19.1,4.1,8,2.9,11.3,3.5,75870,8242,NA,NA,NA,NA,NA,NA,NA,NA,6847,627,21.1,4.1,14.9,3.5,17.5,4,9.5,3.1,9.7,2.9,12,2.7,7.1,2.4,6.1,2.4,1.4,1.6,0.8,0.9,22251,3556,38347,4792,NA,NA,NA,NA,33.2,NA
"76","10473",22734,950,10.4,2.5,10.4,2.3,10.1,2.1,7.6,1.7,11.2,2.4,15.3,2.5,11,2.4,12.7,2.5,6.1,1.7,5.2,1,50609,5426,71363,3796,48,NA,NA,NA,NA,NA,14418,986,8.1,2.9,5.2,1.9,8.1,2.6,7.4,2.1,9.8,2.4,18.8,3.3,12.2,2.8,16.9,3.3,6.2,2.5,7.3,1.7,65656,8065,83415,5223,NA,NA,54.1,NA,NA,NA,5183,704,2.6,2.4,2.3,2.2,3.9,2.6,5.1,2.2,8.4,3.4,13.3,4.7,17.7,5,18.5,4.6,13.6,5.6,14.5,4,96680,5788,NA,NA,NA,NA,NA,NA,NA,NA,8316,989,14.4,4.2,21.1,5.5,12.8,3.7,8.4,2.9,15.7,5.4,9.4,3.5,8.5,3.2,7.3,3.5,1.6,1,0.8,0.7,27965,5942,41543,4893,NA,NA,NA,NA,35.6,NA
"77","10474",3917,283,11.6,4.2,5.7,2.1,12.5,5,12.9,6.4,17.6,6.2,15.7,6.4,6.6,3.6,7.4,3.7,6.9,5.5,3.1,2.6,41279,4909,58859,10813,58,NA,NA,NA,NA,NA,2551,398,8.7,5.6,4.7,2.1,11.3,5.7,10.3,5.1,19.1,8.5,16,7.4,8.6,4.9,6.5,3.8,11.6,9.1,3.1,3.2,47625,6884,67132,14514,NA,NA,66.1,NA,NA,NA,772,273,1.6,4.8,2.6,4.1,8.4,8.2,6.7,6.5,7.1,8.5,17.4,12.4,11.7,10.4,8,7.2,31.7,22.5,4.8,5.8,87643,53465,NA,NA,NA,NA,NA,NA,NA,NA,1366,273,20.4,9.7,7.5,5.4,12.5,7.5,21.7,14.1,21.2,10.4,8.5,6.9,1.3,2,7,6.7,0,2.9,0,2.9,30867,5040,36080,8480,NA,NA,NA,NA,33.3,NA
"78","10475",18692,998,4.5,1.5,4.9,2,11.4,3.3,9.7,3.5,12,3.2,17.3,3,15.3,2.7,15.3,3.3,7.1,2.2,2.5,1.3,62383,7059,73880,6072,40.9,NA,NA,NA,NA,NA,11374,1119,2.4,1.5,1.8,2.2,9.5,4.1,9.3,4.4,11.9,4.5,18.1,3.9,17.2,4.2,17,4,9.3,3.2,3.6,2,72500,8253,83515,7628,NA,NA,41.7,NA,NA,NA,5181,959,1.2,1,1.2,1.7,8.8,4.5,7.2,8.6,10.6,6.3,14,5.2,21.8,8,17.4,5.1,11.8,6,6.1,3.9,82982,11088,NA,NA,NA,NA,NA,NA,NA,NA,7318,810,7.9,2.8,11.6,4.8,14.4,4.9,9.3,4,12.2,4.8,16.5,4.3,11.2,3.5,13.3,5.4,3,2.3,0.7,0.9,42500,9489,57663,7490,NA,NA,NA,NA,39.7,NA
"79","11101",19049,917,6,1.3,5.5,1.5,5.2,2.2,3.5,1.3,5.4,2.1,9.3,1.7,9.7,1.9,16.6,2.3,10.4,1.8,28.3,2.7,116807,9529,159301,10671,31,NA,NA,NA,NA,NA,7947,623,3.4,1.6,1.7,1.2,3.1,1.3,3.9,2.3,5.7,2.1,12.5,2.8,6.7,2.1,14.8,3.1,11.5,2.7,36.7,3.9,135304,19434,201101,19406,NA,NA,35.1,NA,NA,NA,5955,605,0.8,0.7,1.3,1.2,3.1,1.5,2.7,2,2.8,1.8,9.4,3,7,2.3,14.7,3.6,13.5,3.5,44.8,4.9,179334,25318,NA,NA,NA,NA,NA,NA,NA,NA,11102,853,7.9,1.9,8.4,2.5,6.9,3.5,3.8,1.8,5.2,3.2,7.3,1.9,12.2,2.9,16.4,3.3,9.8,2.2,22.1,3.8,97016,8915,128135,11415,NA,NA,NA,NA,27.8,NA
"80","11102",13176,768,4.3,1.3,5.7,2,4.2,1.2,4.5,1.3,6.6,1.8,13.4,2.3,10.2,2.1,18.5,2.3,15.4,2.2,17.2,2.8,102996,10079,130950,11520,35.8,NA,NA,NA,NA,NA,5797,527,5.3,1.8,3.3,1.6,4.3,2,4.1,1.7,7.8,2.5,13,3.2,8.4,1.9,15.6,3.1,15.3,3.1,22.9,5.6,115290,15359,152477,23491,NA,NA,40.5,NA,NA,NA,4017,470,3.1,1.8,1.2,1,3,2.2,2.7,1.6,7.5,2.3,10.1,3.5,7.8,2.7,14.3,4,20,4.2,30.3,7.1,151140,20414,NA,NA,NA,NA,NA,NA,NA,NA,7379,621,4.5,2,7.5,3.3,4.3,1.5,3.9,1.4,7.3,2.7,12.5,3,12.4,3.4,20.7,3.5,14.2,3,12.6,2.5,92519,10792,109510,7432,NA,NA,NA,NA,31.7,NA
"81","11103",16211,704,4.8,1.3,2,0.7,3.7,1,5.5,1.1,6.4,1.4,17.6,2.8,13.7,1.9,20.1,2.4,11.4,1.9,14.6,2.6,92787,7094,136638,24942,40.1,NA,NA,NA,NA,NA,7771,579,3,1.4,0.4,0.4,3.1,1.3,6.2,2.2,6.2,2,16.3,3.4,12,2.6,21.8,3.6,11.9,3.1,19.2,4.3,105877,9007,171159,48819,NA,NA,44.4,NA,NA,NA,6050,540,1.5,1.3,0.3,0.3,2.3,1.1,5.9,2.3,4.3,1.7,16.8,4.2,11.1,2.7,21.7,4.3,12.7,3.9,23.4,5.3,115671,9450,NA,NA,NA,NA,NA,NA,NA,NA,8440,584,6.9,2.1,3.3,1.2,4.5,1.5,5.5,1.4,6.9,1.8,18.9,4.2,15,2.6,19,2.9,10.6,1.9,9.5,2.3,81074,7220,101438,6814,NA,NA,NA,NA,35,NA
"82","11104",12234,530,3.7,1.2,2.1,0.9,4.5,1.6,5.3,1.4,9.3,2.5,18.2,3,14.6,2.5,19.5,3.1,11,2.1,11.8,2.1,84716,8492,106656,5780,35.7,NA,NA,NA,NA,NA,6252,457,2.1,1.4,1.6,1.1,1.9,1.1,3.9,1.8,8.2,3.2,15.6,5,14.2,3.5,21.5,5,13.4,3.3,17.5,3.8,105093,10704,125988,8832,NA,NA,38.4,NA,NA,NA,4471,437,0.8,1.1,1.4,1,1.4,1.3,2.9,2,6,2.8,15.9,6.2,14.4,4.4,20.3,5.2,15.6,4.1,21.3,4.8,116286,10888,NA,NA,NA,NA,NA,NA,NA,NA,5982,443,5.3,2.1,2.7,1.4,7.1,2.9,6.8,2.1,11,4,20.9,3.9,15.7,4.1,16.9,3.9,8.4,2.1,5.1,1.9,69943,6462,83709,6128,NA,NA,NA,NA,32,NA
"83","11105",16068,589,4.2,1.2,2.2,0.8,5.1,1.1,5.6,1.6,5.8,1,13.4,2.5,13.7,1.9,19.8,2.6,12.6,2,17.7,1.8,100306,6839,129329,6125,41.3,NA,NA,NA,NA,NA,8622,679,2.1,1,0.7,0.4,5,1.6,5.3,2.3,5.8,1.6,11.7,3,13.7,2.5,19.7,3.2,14.9,2.9,21.1,2.9,111418,4734,144136,10139,NA,NA,45.2,NA,NA,NA,6235,602,1.6,0.8,0.5,0.5,3.4,1.5,2.7,1.3,5,1.5,11.2,3.3,11.8,2.8,20.9,4,16.8,3.4,26.2,3.8,131663,12726,NA,NA,NA,NA,NA,NA,NA,NA,7446,520,7.2,2.3,3.5,1.6,5.6,1.9,5.7,2,6.5,1.7,16.7,3.7,14.3,2.5,18.5,3.4,10.3,2.7,11.6,2.6,82625,6619,105709,7917,NA,NA,NA,NA,36.3,NA
"84","11106",18970,747,5.9,1.3,4.1,1.2,6.5,1.6,5.4,1.3,8.2,1.9,14.3,2.7,11.9,2.1,16.6,2.2,12.8,2.4,14.3,1.8,85573,9809,114092,8006,40.1,NA,NA,NA,NA,NA,8508,724,4.4,1.9,2.3,1.4,4.7,1.5,5.9,1.9,7.2,2,14.8,4.2,12.6,2.8,14.2,2.7,15.5,3.7,18.4,3.1,95091,7224,129294,10488,NA,NA,47.8,NA,NA,NA,5806,592,1.8,1.3,1.2,0.9,4.3,1.7,5.4,2.2,5.8,2,10.7,4.1,12.9,3.7,14.6,3.4,19.4,4.7,24,4.2,129444,22691,NA,NA,NA,NA,NA,NA,NA,NA,10462,697,7.1,2,5.9,2,8.1,2.5,5,1.8,9.3,3,13.6,3,11.8,2.8,18,3.2,10.7,2.7,10.5,2.3,75922,5524,100013,12153,NA,NA,NA,NA,33.8,NA
"85","11109",3638,522,0.4,0.7,0.4,0.7,0.4,0.7,10.1,8.9,1.1,1.8,4.3,3.1,4.2,3.2,15.8,5.9,13.9,5.7,49.3,9.1,198773,39233,242553,32154,27,NA,NA,NA,NA,NA,2036,515,0.7,1.2,0,1.9,0.7,1.3,13.1,14.4,0,1.9,3.6,3.4,2.7,2.5,5.6,4.5,12.9,7,60.6,14.2,227614,52507,275797,54012,NA,NA,36.4,NA,NA,NA,1904,524,0.8,1.3,0,2.1,0.8,1.4,12.2,15.3,0,2.1,3,3.4,2.9,2.7,3.4,3.1,12.1,6.7,64.8,15.8,241389,60085,NA,NA,NA,NA,NA,NA,NA,NA,1602,331,0,2.5,0.9,1.6,0,2.5,6.4,5.6,2.5,3.8,5.2,5,6.1,6,28.8,11.2,15.1,8.6,34.9,11.5,150000,21412,200274,37293,NA,NA,NA,NA,15.1,NA
"86","11201",33141,1000,5.4,1,2.2,0.6,3.3,1,3.4,1,4.7,1,6.4,0.9,5.6,1,14.5,1.7,11.9,1.9,42.7,2.6,169285,9025,243020,14686,30,NA,NA,NA,NA,NA,14432,837,2.6,1,1.4,0.8,3.1,1.6,2.5,1.3,4.1,1.5,4.6,1.5,3.9,1.1,10.1,2.5,10.5,2.1,57.4,4.2,244063,28888,330599,27413,NA,NA,30.9,NA,NA,NA,11191,743,0.9,0.6,0.4,0.3,1.1,0.8,1.4,0.9,2.1,1,2.5,1.1,2.8,0.9,10.5,3.1,9.7,1.9,68.6,4.3,NA,NA,NA,NA,NA,NA,NA,NA,NA,NA,18709,899,7.9,1.7,2.8,1,3.5,1.1,4.2,1.3,5.2,1.3,7.8,1.3,6.9,1.5,18.2,2.6,12.8,2.6,30.8,2.8,132353,8474,171534,13446,NA,NA,NA,NA,28.9,NA
"87","11203",30149,820,7.3,1.1,5.6,1.1,6.7,1,8.3,1.4,11.6,1.6,14.7,1.6,13.8,1.7,15.4,1.5,7.3,1.1,9.3,1.3,68028,4368,88652,3733,58.1,NA,NA,NA,NA,NA,19440,773,5,1.1,2.7,1,4.9,1.2,8.1,1.9,9.2,1.8,13.8,1.6,15.5,2.1,19.1,2,9.8,1.5,12.1,1.8,84167,5871,104051,4682,NA,NA,66.6,NA,NA,NA,8736,537,2.2,1.2,0.6,0.5,4.5,1.5,5.4,1.6,6.9,2.3,15.4,3.1,15,3.1,22.4,3.7,12.1,2.3,15.5,3.2,100028,8154,NA,NA,NA,NA,NA,NA,NA,NA,10709,777,11.8,2.3,11.5,2.5,10.1,2.3,10.2,2.8,17.3,3,15.9,3.3,11.7,2.3,6.9,1.5,2.9,1.4,1.7,0.9,39459,2913,52268,4117,NA,NA,NA,NA,39.7,NA
"88","11204",25306,1091,4.8,0.9,5.1,0.8,8,1.3,8.2,1.4,9.7,1.6,18.1,2.5,15.1,2.1,15.5,2.1,9.2,1.4,6.3,1,67588,4442,88033,3768,51.7,NA,NA,NA,NA,NA,19880,1085,4.2,2.2,2.4,0.7,7.4,1.5,9.4,1.9,10.8,2.1,17.8,2.5,14.8,2.4,16.2,2,10.1,1.7,7,1.2,71338,5563,93259,4801,NA,NA,50.7,NA,NA,NA,14653,923,2,0.7,2.1,0.7,7.4,1.8,9.6,2.2,10.1,2,18.7,3.3,14.5,2.7,16.8,2.3,10.7,1.9,8.1,1.5,75056,5995,98942,6048,NA,NA,NA,NA,NA,NA,5426,441,12.6,3.1,15.6,2.7,13.3,3.2,6.5,1.9,11.1,3.2,14.3,3.6,11.6,3.3,8.6,4.2,4.7,1.7,1.7,1.1,37090,8049,52490,4807,NA,NA,NA,NA,49.2,NA
"89","11205",17272,769,7.3,1.9,4.6,1.3,7,1.7,5.5,2,6.6,1.6,13.6,2.6,8.6,2.2,14.4,1.8,10.1,1.9,22.4,2.8,86753,11764,142490,10260,45.8,NA,NA,NA,NA,NA,8861,511,5.2,2.8,2.8,1.3,7.8,2.8,5.1,2.3,7.7,2.5,16.2,3.9,7.5,2.3,11.3,2.5,12.1,2.7,24.2,3,90685,17300,158497,13213,NA,NA,55.7,NA,NA,NA,5640,500,1.9,1.5,1.9,1.2,6.3,2.6,7.2,3.5,5.8,2.7,14.5,4.3,5,1.7,10.2,3.2,12.9,3.7,34.3,4.1,141250,13223,NA,NA,NA,NA,NA,NA,NA,NA,8411,701,9.4,2.6,6.6,2.2,6.9,2.2,5.9,3,5.7,1.8,11.2,3.2,9.9,3.7,17.3,3.1,7.8,2.3,19.4,4.5,81703,11591,121372,14550,NA,NA,NA,NA,34.5,NA
"90","11206",33696,1123,10.6,2,7.2,1.2,10.2,1.4,7.9,1.5,10.4,1.5,12.4,1.7,8.8,1.5,14.9,1.8,7.5,1.2,10.2,1.6,57280,6828,88480,4784,44.4,NA,NA,NA,NA,NA,17672,975,8.9,2.6,4.3,1.2,13.7,2.2,9.4,1.9,15.4,2.4,13.5,2.4,9.1,2.4,12.5,2.2,4.9,1.3,8.3,1.8,47936,3993,80864,6723,NA,NA,51.7,NA,NA,NA,8946,741,3,1.1,4,1.5,9.8,2.8,10.3,2.6,12.1,2.9,13,2.9,13.3,4.2,16.9,3.9,7.4,2.2,10.2,2.7,72000,7869,101150,10407,NA,NA,NA,NA,NA,NA,16024,991,13.4,3.2,10.6,2.2,6.6,1.5,6.5,2.2,5.4,1.5,9.7,2.2,9.1,1.8,16.7,2.8,10.2,2.2,11.7,2.5,71005,10051,94002,7184,NA,NA,NA,NA,36.2,NA
"91","11207",35309,1118,13.7,2,7,1.2,8.4,1.5,7.8,1.2,9.2,1.2,17.2,1.9,10.6,1.5,12.7,1.7,6.9,1.4,6.5,1,55419,4258,74315,3440,61.7,NA,NA,NA,NA,NA,20587,902,8.5,1.9,5.4,1.4,8.1,1.7,6.5,1.2,9.1,1.6,18.7,2.7,11,1.8,15.5,2.4,10.1,2,7.1,1.4,67634,3682,85236,4900,NA,NA,68.4,NA,NA,NA,8607,782,4.1,2.6,1.1,0.8,5.6,2.4,6.9,2.4,7.4,2.3,14.1,3.7,14.1,3.8,20.5,4.4,13.8,3.4,12.4,2.8,93707,8096,NA,NA,NA,NA,NA,NA,NA,NA,14722,957,22.2,3.6,9.9,2.3,8.9,2.2,10.6,2.4,10,2.1,15.4,3.1,8.9,2.4,8.2,2.1,2.8,2,3.2,1.2,33535,4145,51161,3724,NA,NA,NA,NA,51.1,NA
"92","11208",34486,1141,10.6,1.6,4.7,1,7.2,1.4,8.5,2,11.3,1.4,17.4,1.6,12.2,1.8,15.1,1.7,6.8,1.3,6.1,1,59988,2967,80641,4446,81.7,NA,NA,NA,NA,NA,25011,1165,7.7,1.6,2.6,1,7.2,1.8,8.7,1.9,10.7,1.6,18.5,2.3,13.5,2.3,17.1,2.1,6.8,1.7,7.2,1.3,67049,3736,86552,5011,NA,NA,83.4,NA,NA,NA,12311,880,2.3,1.1,1.4,0.9,4.6,2.1,4.9,2.1,11.5,2.7,19.5,3.4,15.6,3.2,20.5,3.3,8,2.3,11.9,2.6,82700,4749,108098,9718,NA,NA,NA,NA,NA,NA,9475,946,19.5,4,10.6,2.9,7.4,2.1,11.1,4.6,13.7,3.6,16.2,3.4,8.6,2.9,8.4,2.7,3.3,1.7,1.4,0.9,35993,3453,53892,7414,NA,NA,NA,NA,72.8,NA
"93","11209",30376,711,4.7,0.7,3.4,0.8,4.7,0.9,7,1.4,7.9,1.1,12.9,1.3,12.3,1.3,19.3,1.6,10.5,1.2,17.4,1.3,92656,5362,125801,4947,41.5,NA,NA,NA,NA,NA,17111,662,2.6,0.9,1.5,0.7,3.1,1,5.3,2,6.7,1.6,11.2,1.7,11.4,1.8,20.9,2.4,12,1.5,25.2,2.2,117731,7814,154487,7629,NA,NA,45,NA,NA,NA,12746,656,1,0.6,0.9,0.6,2.8,1.2,5.6,2.5,6.7,1.8,9.9,1.7,9.3,2,20.8,2.6,12,1.7,30.8,2.7,133374,6139,NA,NA,NA,NA,NA,NA,NA,NA,13265,617,7.6,1.5,5.7,1.6,7.1,1.6,9.1,1.8,9.7,1.8,16,2.5,13.4,2.1,17.1,2.5,7.5,1.5,6.9,1.7,66257,5600,85633,6256,NA,NA,NA,NA,36.6,NA
"94","11210",21440,905,5.4,1.2,3.3,1.1,4.6,1.1,6.6,1.6,9.1,1.4,16.7,2.3,11.9,1.6,20.4,2.1,9.2,1.3,12.9,1.6,83261,6485,116476,7998,56.5,NA,NA,NA,NA,NA,14520,900,3.1,1.2,0.7,0.4,3.6,0.9,5.3,1.8,8.7,1.6,15.4,2.7,11.7,2.1,22.4,2.6,12.1,1.9,16.9,2.2,102857,7491,133729,9232,NA,NA,63.1,NA,NA,NA,8725,710,1.7,1,0.6,0.5,2.2,1,3,1.6,6.8,1.8,14.7,3.5,10.7,2.3,23.9,3,13.1,2.4,23.4,3.1,123626,5574,159290,13633,NA,NA,NA,NA,NA,NA,6920,681,11.2,3,8.5,2.9,7.1,3.1,10,3,12.2,2.8,19.5,4.2,11.7,2.7,13.4,3.1,3.3,1.4,3,1.7,51126,6770,72294,12193,NA,NA,NA,NA,40.4,NA
"95","11211",27497,1113,5.6,1.2,5.1,1.4,7,1.5,4.4,1.2,8.3,1.7,9.8,1.5,8.4,1.2,12.4,1.7,10.8,2,28.1,2.7,105183,7879,155194,8550,42.1,NA,NA,NA,NA,NA,12214,862,4.8,2.1,5.1,2.2,10.7,2.5,7.4,2.1,11.5,3,9.3,2.3,8.4,2.1,10.6,2.6,7.6,2.2,24.6,3.3,82826,14071,139906,11684,NA,NA,46.9,NA,NA,NA,8742,822,1.9,1.5,4.4,2.5,10.9,3,7.8,2.9,9.2,3.3,7.3,2.2,8,2.5,10.4,3.2,9,2.7,31.1,4,102240,22070,NA,NA,NA,NA,NA,NA,NA,NA,15283,1010,6.5,1.8,5.4,1.5,5,1.6,2.2,1.1,5.6,1.7,10,2.1,8.5,1.6,14.2,2.2,12.9,2.9,29.6,4.1,124359,13678,163149,13905,NA,NA,NA,NA,37.1,NA
"96","11212",32588,1152,15,2.1,11,2,10.7,1.9,9.2,1.7,12.6,1.6,15.7,2.3,9.2,1.8,8.2,1.8,4.9,1.2,3.4,0.9,40060,3562,58158,4173,64.3,NA,NA,NA,NA,NA,19972,1051,11.7,2.4,7.3,2.7,8.8,2.1,8.5,1.8,15.4,2.6,18.5,3.5,8.6,2.1,11.3,2.6,6.4,1.6,3.5,1.1,47405,5202,66064,4737,NA,NA,68.3,NA,NA,NA,5595,711,5.6,2.8,3.8,4.7,6.6,3.1,4.4,2.8,10.9,4.1,16.2,5.4,15.4,5,13.9,4.4,12.5,4.2,10.7,3.5,78388,9870,NA,NA,NA,NA,NA,NA,NA,NA,12616,978,22.6,3.4,17.7,4.1,14.3,3.3,9.3,2.7,10.4,2.7,11,2.8,7.9,3,3.6,2,1.6,1.1,1.5,1,20784,2845,38374,5238,NA,NA,NA,NA,54.9,NA
"97","11213",27060,955,7.3,1.4,7.4,1.8,9.5,1.6,7,1.6,11.3,1.8,12.6,1.7,12,1.9,15.7,2.4,8,1.6,9.2,1.5,62040,4888,91348,5309,52.3,NA,NA,NA,NA,NA,14869,936,5.7,1.7,3,1.3,9,3,7.3,2.2,14,2.6,11.9,2.5,11.1,2.2,17,2.9,9.5,2.8,11.6,2.2,71219,13937,105817,9626,NA,NA,57,NA,NA,NA,7183,698,3.6,1.7,1.3,0.8,6.4,3.7,4.6,2,12.4,3.5,12.9,4.1,10.5,3.3,15.8,4,12.7,4.1,19.8,4.2,94144,14113,NA,NA,NA,NA,NA,NA,NA,NA,12191,798,10.4,2.4,12.6,3.2,10.1,2.2,7.1,2.7,8.8,2.7,13.1,2.7,12.1,3.1,14.3,3.7,6,1.6,5.4,2,51887,8309,70037,5649,NA,NA,NA,NA,45.8,NA
"98","11214",31006,877,5.3,0.9,7.4,1.1,8.5,1.4,6.4,1,10.8,1.5,17.1,1.8,11.3,1.2,14.3,1.4,8.6,1.4,10.2,1.2,64286,2867,95206,5399,54.1,NA,NA,NA,NA,NA,21536,852,4,1,2.8,0.9,7.5,1.5,7.1,1.4,11.5,1.8,16.6,2,12,1.6,16.2,1.9,10.2,1.6,12,1.6,75628,3976,106788,7356,NA,NA,54.9,NA,NA,NA,15181,746,3,1.1,3,1.2,7.8,2,6.8,1.6,9.9,1.8,16.2,2.3,12.6,2.1,16.9,2,10.1,1.8,13.6,1.9,79651,4504,113523,9054,NA,NA,NA,NA,NA,NA,9470,593,9,2.3,17.8,3.2,11.8,2.8,6.9,1.7,9.8,2.2,18.7,3.5,9.6,2.4,9.5,2,3.7,1.5,3.2,1.2,41763,5213,58415,4534,NA,NA,NA,NA,49.2,NA
"99","11215",29747,1097,3.3,0.9,1,0.4,2.7,0.8,2.3,0.9,2.9,0.8,7.9,1.4,7,1.3,15,1.8,13.4,1.9,44.5,2.5,180773,8652,246090,12883,29.9,NA,NA,NA,NA,NA,17560,945,2,1.2,0.6,0.4,1.9,1.3,1.5,0.9,1.8,0.9,5.1,1.1,5.1,1.8,12.8,2.2,13.1,2,56.1,3.2,223697,11506,300538,14230,NA,NA,29.3,NA,NA,NA,14865,870,1.5,1.3,0.5,0.3,0.9,0.6,1.6,1,1,0.6,4.7,1.1,3.8,1.4,10.9,2.3,12.2,2.1,63,3.4,247813,14266,NA,NA,NA,NA,NA,NA,NA,NA,12187,833,5.5,1.8,1.6,0.7,4,1.1,3.4,1.8,4.7,1.7,12.2,2.9,10,1.7,19.3,2.9,15.8,3.6,23.6,4,117979,11694,146946,11267,NA,NA,NA,NA,28.4,NA
"100","11216",26664,917,6.5,1.5,4.1,1.1,6,1,4.3,1,6.2,1.3,12.5,1.9,12.6,1.9,17.5,2.3,11,1.7,19.4,2.1,95000,6237,130791,6367,46.7,NA,NA,NA,NA,NA,10944,783,2.4,1.4,2.1,1.5,6,1.6,3.8,1.6,7.5,2.8,15.5,3.5,10.9,2.9,12.5,2.5,13.5,3.3,25.9,3.2,106618,11932,158556,12052,NA,NA,57.1,NA,NA,NA,5973,585,0.5,0.6,1,1.3,4.3,1.8,2.6,1.7,4.3,3.3,10.7,4.2,7.8,3.3,13.8,4,16.4,5,38.6,4.9,165021,12218,NA,NA,NA,NA,NA,NA,NA,NA,15720,835,9.4,2.3,5.6,1.6,6.5,1.5,4.6,1.5,5.3,1.2,11,2.2,14.4,2.3,20.3,3.1,10,1.5,12.9,2.4,86315,6788,104781,6571,NA,NA,NA,NA,38.2,NA
"101","11217",19543,825,5,1.3,4,1.1,3.5,1,3.8,1.1,5.3,1.4,7.7,1.4,6.4,1.7,12.8,1.7,10.9,2,40.5,2.4,158314,11672,235997,14603,33.7,NA,NA,NA,NA,NA,8381,602,3.1,1.4,1.8,1.1,1.6,0.8,3.4,1.5,4,1.6,9.9,2.5,5.2,2.9,12.4,2.8,8.2,1.8,50.5,4,201918,21365,298954,26445,NA,NA,37.2,NA,NA,NA,6018,499,0.3,0.5,0.6,0.7,1.5,1.1,2.1,1.3,1.2,0.8,7.8,2.5,5.4,3.9,8.1,2.1,8.9,2.1,64,4.6,247296,16436,NA,NA,NA,NA,NA,NA,NA,NA,11162,850,6.5,2,5.8,1.8,4.9,1.7,4,1.7,6.5,1.9,7.1,1.6,7,1.8,12.5,2.4,13,3.3,32.6,3.4,130847,17944,185132,20297,NA,NA,NA,NA,30.3,NA
"102","11218",26053,1121,3.8,0.9,3.8,1,3.8,0.9,7.1,1.3,7.1,1.4,15.1,2.5,11.3,1.7,17.2,2,10.6,1.3,20.2,3,95916,5274,150487,23907,44.1,NA,NA,NA,NA,NA,16751,1163,1.2,0.8,2.1,1.1,2.9,0.9,6,1.8,6.6,1.4,14.5,3.3,12.2,2.2,17.3,2.3,11.5,1.9,25.6,4.4,113540,16796,177824,35822,NA,NA,49.2,NA,NA,NA,12387,1013,0.7,0.6,2.3,1.4,2.9,1,4.8,1.7,5.7,1.7,12.9,2.9,9.2,2.2,16.6,2.5,13.1,2.4,32,5.2,136494,12865,NA,NA,NA,NA,NA,NA,NA,NA,9302,733,8.4,1.9,6.8,2.5,6.1,2,9.1,2.7,8.6,2.5,16.1,3.1,10.6,2.6,18.3,3.6,8.3,2,7.7,1.9,65842,4613,89194,7867,NA,NA,NA,NA,33.1,NA
"103","11219",24476,877,5.3,1.1,7,1.6,9.1,1.7,11,1.8,13.3,1.7,16.5,2.5,12,1.6,11.7,1.6,7.2,1.8,6.9,1.2,55685,5224,84493,5934,56.7,NA,NA,NA,NA,NA,19366,747,4,1,4.1,1.3,9,1.7,12.1,2.2,14.9,2.2,16.8,2.7,12.1,1.8,11.9,1.6,8.1,2.4,7,1.2,57346,5193,85877,4913,NA,NA,57.7,NA,NA,NA,15367,777,3.6,1.2,4.2,1.6,8.8,1.7,12.5,2.6,13.3,2.1,17,3.1,11.7,1.9,12.3,2,8.8,2.7,7.7,1.5,59752,4883,NA,NA,NA,NA,NA,NA,NA,NA,5110,608,11.9,3.5,17.7,5.2,9.6,3.8,9.2,3,12.9,3.6,12.3,4.3,9.8,4,9,3.5,3.7,1.9,3.9,1.7,36018,6321,57092,7454,NA,NA,NA,NA,47.4,NA
"104","11220",28336,1011,5.5,0.9,5.7,1,8.6,1.2,8.3,1,12.6,1.4,16.4,2,13.4,1.8,13.7,1.8,7.4,1.2,8.5,1,64201,3626,88838,3569,49.1,NA,NA,NA,NA,NA,20358,867,3.5,0.8,2.6,0.8,9.8,1.4,10.2,1.6,14,1.8,19.3,2.4,12.2,1.6,13.4,1.9,6.4,1.4,8.7,1.1,61954,3054,89428,4346,NA,NA,54,NA,NA,NA,13405,719,2.4,0.9,1,0.5,8.7,1.5,9,1.7,15.8,2.2,17.2,2.5,12.9,2.2,14.7,2.4,7.3,1.5,11.1,1.6,68192,5512,99798,5980,NA,NA,NA,NA,NA,NA,7978,596,12.4,2.6,14.6,2.9,10.4,2.8,7.3,1.7,10.3,1.8,7.4,1.5,16.2,3.6,12,3.1,5.5,2,3.8,1.4,42266,5869,65056,4612,NA,NA,NA,NA,31.6,NA
"105","11221",36032,1250,7.7,1.3,5.8,1.2,6.1,1.3,6.3,1.4,7.2,1.2,11.7,1.5,12.7,1.6,18.8,1.9,10.4,1.3,13.2,1.7,85122,4626,112905,5748,56.9,NA,NA,NA,NA,NA,17954,986,7.1,2.1,4.5,1.9,5.5,1.5,8.2,2.5,7.6,1.8,10.2,1.9,14.3,2.8,18.5,2.5,11.7,2,12.4,2.3,86200,7377,113927,7696,NA,NA,63.3,NA,NA,NA,8520,814,2.1,1.9,1.3,1.1,3.2,1.3,6.7,4.4,4.8,1.9,7.6,2.3,14.4,3.7,20.9,3.9,17.9,3.7,21.1,3.9,125303,14507,NA,NA,NA,NA,NA,NA,NA,NA,18078,981,8.7,1.9,7.1,2,6.9,2,4.6,1.3,8.2,1.8,12.4,2.7,11.6,1.8,19.1,2.5,9.6,1.9,11.7,1.9,80913,5392,106786,7968,NA,NA,NA,NA,49.5,NA
"106","11222",20277,737,2.8,0.8,2.8,0.9,3.9,1.4,4.2,1.6,5.9,1.3,11.3,2.1,8.6,1.4,19.5,2.1,14.4,2.1,26.6,2.6,123963,8178,159569,7716,35.8,NA,NA,NA,NA,NA,8098,551,1.9,1.2,1.3,0.9,3,1.7,4.7,2,4.5,1.6,8.5,2.3,8.6,2.2,18.6,3.1,14.1,2.5,34.8,4.3,148503,15149,189274,14716,NA,NA,38.3,NA,NA,NA,6132,517,0.3,0.4,0.9,0.9,2.3,1.6,4.1,1.9,3.1,1.5,6.3,2.8,7.8,2.3,17.8,4.2,15.3,3.2,42,5.6,175538,17602,NA,NA,NA,NA,NA,NA,NA,NA,12179,659,4,1.1,4,1.5,4.7,1.6,4.1,2,6.3,1.8,13.4,3,9,1.9,20.4,2.5,14,2.7,20,2.6,110471,8775,135195,7389,NA,NA,NA,NA,33.4,NA
"107","11223",26433,948,8,1.6,6.3,1.1,8.6,1.4,8.4,1.2,10.6,1.8,12.7,1.6,11.4,1.6,15.6,1.9,8.7,1.2,9.7,1.6,63950,5364,96022,5146,58.8,NA,NA,NA,NA,NA,18816,852,4.7,1.5,2.2,0.7,7.3,1.8,8,1.5,10.1,1.8,13.2,1.8,14.2,2.2,18,2.6,10.1,1.6,12,2.2,82626,5164,111152,6636,NA,NA,61.5,NA,NA,NA,13248,677,2.3,0.8,1.9,0.7,5.4,1.4,7.1,1.8,9.9,1.8,13.2,2.4,13.1,2.3,20.3,3.3,11.8,2,15,2.5,94286,6181,127264,8643,NA,NA,NA,NA,NA,NA,7617,610,16.3,3.9,16.4,3.2,12.7,2.5,9.3,2.3,12.5,3,12.2,2.5,5.2,1.8,9.5,2.3,3.7,1.5,2.3,1.3,28680,2914,50693,7343,NA,NA,NA,NA,49.6,NA
"108","11224",19991,855,8.4,1.8,16.1,2.5,13.1,2.5,7.5,2.1,10.7,2,13.9,2.1,8.5,1.7,9.8,3,5.3,1.4,6.7,1.6,41449,3942,68938,4906,51.8,NA,NA,NA,NA,NA,12114,943,5.3,1.8,4,1.8,12.1,3.5,9.6,3,12.7,2.6,17,3.1,9.9,2.7,13.7,4.4,6.9,2,8.9,2.5,57684,6568,86290,6969,NA,NA,57.3,NA,NA,NA,6920,720,2.3,1.3,2.2,1.5,8.6,3.7,10,4.1,11.7,3.3,17.3,4.3,8.4,3.1,19.1,7.2,10,3.4,10.4,3.3,71083,14240,NA,NA,NA,NA,NA,NA,NA,NA,7877,746,13.5,3.5,34.5,5.9,15.2,3.5,5.4,1.9,7.6,3.1,8.6,2.8,6.2,2.4,4.1,2,2.1,1.6,2.7,1.5,15880,2485,39683,4845,NA,NA,NA,NA,42.4,NA
"109","11225",24747,820,4.6,1.3,3.9,1.3,8.3,1.7,5.3,1.5,8,1.5,15.1,2.5,13.5,1.9,19.3,2.6,8.7,1.5,13.2,1.7,85201,6326,111100,6839,48.5,NA,NA,NA,NA,NA,12582,907,2.7,1.3,1.2,0.7,7.2,2.3,4.7,2.3,8.8,2.4,16.7,3.6,12.6,2.8,19.9,3.5,9.5,2,16.6,2.9,94713,7405,124976,10540,NA,NA,60.5,NA,NA,NA,6622,664,1.2,1,0.4,0.5,7.3,3.6,5.7,3.8,7.1,3,11.7,3.8,10.9,3.2,20.8,5,11.2,2.6,23.7,4.5,109614,21287,NA,NA,NA,NA,NA,NA,NA,NA,12165,864,7.1,2.4,6.9,2.4,9.5,2.4,5.8,1.9,7.4,2.1,13.9,3.6,14.9,3,18.9,3.8,7.1,2.1,8.5,2.1,72834,12264,91235,7428,NA,NA,NA,NA,34.7,NA
"110","11226",39305,1349,5.1,1,4.4,0.9,6.8,1.1,5,0.7,11.7,1.8,13.6,1.3,12.7,1.7,18.8,1.7,9.6,1.3,12.5,1.6,81084,4067,108093,4812,52.1,NA,NA,NA,NA,NA,22600,1276,2.8,0.9,2.3,0.9,5.7,1.4,4.8,1,11.7,2.4,12.9,2,13,1.9,20.2,2.8,10.4,1.8,16.2,2.5,93381,6205,122237,7120,NA,NA,60.1,NA,NA,NA,11753,822,0.9,0.9,1.1,0.9,4.4,1.7,3,1.1,8,2.2,8.4,2.3,12.9,2.7,22.4,4.2,14.8,2.7,24,3.5,120203,8076,NA,NA,NA,NA,NA,NA,NA,NA,16705,961,8.5,2.1,7.7,2,9.3,1.8,5.6,1.4,12.1,2.8,13.8,2.3,13.3,3,16.8,2,7,1.7,5.9,1.5,63104,7467,82425,6263,NA,NA,NA,NA,39.5,NA
"111","11228",15105,777,4.1,1.2,3.6,1,8.4,2.2,6.3,2.2,11,3,13.2,1.9,10.9,1.7,15.3,2.4,10.7,1.5,16.5,2.3,80737,7806,116610,7091,50.5,NA,NA,NA,NA,NA,11163,729,3.3,1.4,2,0.8,5.3,1.6,6.2,2.8,12.2,3.7,13,2.2,10.9,1.9,16.3,2.8,11.6,1.7,19.3,2.8,92648,10097,127602,9252,NA,NA,50.3,NA,NA,NA,7935,592,1.4,0.7,1.9,0.9,5.4,1.9,7.1,3.8,13.8,5,13.2,2.4,10.2,2.3,14.8,2.7,10.7,2,21.4,3.1,90219,14969,NA,NA,NA,NA,NA,NA,NA,NA,3942,389,6.6,2.6,8.4,2.7,17.4,6.6,8.2,2.4,10.1,3.7,17.2,4.5,9.8,3.8,11.6,4,6.1,2.3,4.5,2.4,47965,11065,69938,9351,NA,NA,NA,NA,47.5,NA
"112","11229",30924,897,5.8,0.8,6.3,1.2,7.6,1.2,7.3,1.1,10.1,1.4,14.1,1.5,10.9,1.5,15.9,1.6,8.1,0.9,13.8,1.5,72556,4269,106957,4347,51.2,NA,NA,NA,NA,NA,20553,825,4.1,1,1.5,0.8,6,1.3,6.7,1.3,9.2,1.7,13.5,1.8,11.8,1.7,18.7,2.3,10.2,1.2,18.4,1.9,92582,5168,127970,6367,NA,NA,53.9,NA,NA,NA,15407,691,2.7,0.8,1.7,0.9,5.7,1.5,5.5,1.6,9.5,2,11.3,1.7,10,1.5,19.5,2.6,11.1,1.5,22.9,2.5,107481,5960,142410,7830,NA,NA,NA,NA,NA,NA,10371,762,9.5,1.6,15.8,3,11.4,1.9,8.7,2.2,12.7,2.7,14.6,2.4,10.5,3.1,9.8,2.1,3.9,1.2,3.2,1.4,39230,3903,59251,4552,NA,NA,NA,NA,43.9,NA
"113","11230",31802,783,6.2,1.2,7.2,1.2,8.3,1.5,8.6,1.2,9.3,1.2,14.1,1.8,12.6,1.3,15.4,1.6,6.5,1.2,11.8,1.3,69522,3821,98968,4277,48.3,NA,NA,NA,NA,NA,20249,846,3.6,1.1,3.3,1.3,6,1.4,6.7,1.3,9.8,1.4,15.2,2.5,12.9,1.7,18,2.1,9,1.8,15.5,1.8,84424,6543,119429,6280,NA,NA,52.4,NA,NA,NA,15351,829,3.2,1.2,2.4,1.1,4.6,1.2,6.2,1.4,8.6,1.6,14.1,2.8,13.2,2,18.9,2.5,10.2,2.3,18.7,2.3,94928,6538,NA,NA,NA,NA,NA,NA,NA,NA,11553,770,11.8,2.8,14.1,2.7,13.6,3.2,11.4,2.6,7.7,2,12.3,2.2,12.2,2.5,10.5,2.7,2.5,0.8,4,1.2,34555,3884,58558,4854,NA,NA,NA,NA,40.2,NA
"114","11231",16810,785,7.9,2,3.8,1.4,4.8,1.7,3,1.3,6.8,2.3,6.9,1.6,6.6,1.6,13.1,2.2,11.3,2.3,35.8,3.4,138485,10422,219505,20380,35.2,NA,NA,NA,NA,NA,9610,698,9,3.6,1.2,1.1,4.2,2.3,3.9,2,5.3,2.3,5.6,2.3,5.1,1.7,13.2,2.7,10.7,2.9,41.9,3.9,164435,23232,253378,24835,NA,NA,40.1,NA,NA,NA,6903,560,2.5,1.7,0.4,0.5,2.5,1.5,1.8,1.6,2.1,1.1,2.6,1.8,4.7,1.9,15.4,3.6,12.7,3.6,55.1,5.3,226479,27117,NA,NA,NA,NA,NA,NA,NA,NA,7200,622,8.9,3.6,7.2,2.9,5.9,2.3,2.3,1.7,6.7,2.4,8.3,3.1,8.7,3.3,13.9,3.1,11.9,3.7,26.1,5.6,106125,16274,166895,36489,NA,NA,NA,NA,27.9,NA
"115","11232",9336,586,3.6,1.5,1.2,0.8,6.5,2.2,11.5,3.4,10.6,3,10.7,2.7,13,3.2,13.7,2.7,10.9,2.9,18.2,3.8,87517,6231,120897,13007,46.5,NA,NA,NA,NA,NA,5186,438,2.4,1.1,0.6,0.6,5.4,2.3,15.6,5.1,11.5,5,12.8,3.8,12.1,3.3,11.7,3.7,11.3,3.5,16.5,3.7,80682,12368,115741,10660,NA,NA,48.8,NA,NA,NA,3589,377,1.6,1.1,0.9,0.9,5.9,3.2,15.7,5.3,10.2,5.8,10.9,4,9.9,4.4,10.4,4.2,12,3.9,22.5,4.8,87434,17264,NA,NA,NA,NA,NA,NA,NA,NA,4150,542,5.5,3.2,2.3,1.6,8.8,4.2,9.6,5.4,8.5,3.8,9.2,3.3,14.6,5.4,13.5,4.3,11.7,5.6,16.3,7.4,89679,13505,118477,28909,NA,NA,NA,NA,39.6,NA
"116","11233",32784,1002,10.2,1.8,6.3,1.3,8.7,1.4,6.4,1.3,10.6,1.8,14.1,1.9,12.3,1.9,15.2,2.3,7.9,1.3,8.2,1.2,62034,5849,86547,5171,62.3,NA,NA,NA,NA,NA,18435,858,10.6,2.3,3.9,1.5,6.8,1.9,4.7,1.4,8.8,1.7,14.4,2.5,14.9,2.8,16.8,3.2,8.9,2.1,10,1.8,76642,10005,97673,7036,NA,NA,65.1,NA,NA,NA,7227,762,1.3,1.1,1,1.5,4.3,1.9,3.1,1.6,6,2.5,12.7,4.6,16.2,5.5,19.8,6,14.8,4,20.9,4.3,117367,19776,NA,NA,NA,NA,NA,NA,NA,NA,14349,939,12.3,2.9,9,2.2,12,2.5,8.5,2.2,12.9,3.2,12.9,2.6,8.8,1.9,12.6,2.9,6.2,1.9,4.9,1.3,42868,7477,66787,5712,NA,NA,NA,NA,57.2,NA
"117","11234",32178,863,4.8,1,2.6,0.7,7.4,1.3,5.8,1.1,8,1,12.1,1.2,13,1.9,18.1,1.7,10.5,1.1,17.5,1.3,94434,3565,126358,5817,58.3,NA,NA,NA,NA,NA,23509,822,3.1,1,2.2,0.8,5.5,1.6,4.4,1.2,6.9,1.3,10.8,1.3,12.4,2.1,20.3,2.1,13,1.3,21.4,1.7,111881,4798,143354,8060,NA,NA,61.2,NA,NA,NA,15393,787,1.5,0.7,1.6,1,5.7,2.5,3.3,1.3,5.2,1.5,9,1.4,11.9,2.7,20.4,2.6,14,1.8,27.6,2.6,127480,7774,NA,NA,NA,NA,NA,NA,NA,NA,8669,618,9.8,2.6,4.5,1.7,12.9,2.9,10,2.3,12,2.6,16.6,2.8,14.6,3.4,12.8,2.8,2.4,1.2,4.3,1.5,50790,6173,69702,6694,NA,NA,NA,NA,48.7,NA
"118","11235",35333,929,7.2,1.2,7.6,1.2,9.6,1.4,7.5,1.2,10.3,1.4,14.4,1.5,10.2,1.6,12.9,1.4,8.4,1.3,11.9,1.5,61689,3210,96127,4989,52.5,NA,NA,NA,NA,NA,21869,892,4.1,1.1,2.6,0.8,7.7,1.5,7.1,1.6,9.5,1.8,14.3,1.9,12.3,2.2,14.3,2.1,11,1.8,17.2,2.3,82520,6052,120263,7475,NA,NA,56.6,NA,NA,NA,16116,845,2.8,1,1.6,0.8,8.1,1.7,5.9,1.7,8.3,2.1,13.8,2.3,12.2,2.4,14.8,2.3,11.5,2,21,2.9,92630,7451,134080,9702,NA,NA,NA,NA,NA,NA,13464,693,12.3,2.4,16.1,2.9,13.1,2.4,8.6,1.6,11.7,2.3,14.7,2.9,6.9,1.6,10.2,1.8,4.1,1.6,2.3,0.8,34788,5651,53259,3570,NA,NA,NA,NA,45.2,NA
"119","11236",33318,852,7.3,1.1,3.2,0.7,7.3,1.1,5.7,1,8.8,1.1,14.2,1.6,13.4,1.4,19.2,1.6,9.5,1.1,11.5,1,82813,2976,105299,3988,64.1,NA,NA,NA,NA,NA,24242,789,5.2,1.2,2.1,0.7,5.3,1.1,4.7,1,8.4,1.6,13.6,1.6,13.6,1.6,22.7,2.2,11.1,1.5,13.3,1.2,93846,4090,115730,4581,NA,NA,67.8,NA,NA,NA,11267,696,2.3,1,1,0.6,2.3,0.9,2.5,1.1,5.3,2.1,12.1,2.8,15.3,2.5,25.7,3.3,14.4,2.5,19.1,2.4,116030,6465,138441,7446,NA,NA,NA,NA,NA,NA,9076,578,13.1,3,6.6,1.7,12.6,2.8,9.5,2.2,12.4,2.3,17.5,3.2,11.9,2.9,9.5,2,3.4,1.5,3.5,1.2,45294,4831,64802,6090,NA,NA,NA,NA,50.9,NA
"120","11237",17723,805,5.7,1.6,2.9,1.1,9.6,2.4,4.9,1.5,7.7,1.9,15.4,2.9,15.9,2.3,16.8,2.6,10.8,1.9,10.5,1.9,82570,6311,99019,5724,48.3,NA,NA,NA,NA,NA,8064,691,7.1,2.4,1.6,1,11.1,4.6,6.3,2.6,10.1,3.4,17.1,5,15.1,3.9,11,2.7,11.1,2.9,9.6,2.4,66514,13604,93174,8892,NA,NA,53.7,NA,NA,NA,4671,631,6.6,3.2,0.8,0.9,4.8,2.7,3.2,2,10.9,4.3,18.3,6,15.3,5.7,13.3,4.2,14.3,4.5,12.4,3.6,87931,7829,NA,NA,NA,NA,NA,NA,NA,NA,9659,621,5.3,2.1,4.1,2,8.4,2.7,5.8,2.6,7,2.3,12.4,3.3,15.4,2.9,21.3,3.7,10.8,2.5,9.4,2.2,85459,4787,97510,6283,NA,NA,NA,NA,42.3,NA
"121","11238",27371,945,4.9,1,3.4,1.1,4.2,0.9,3.4,0.9,6.2,1.1,8.2,1.2,8.2,1.4,17,1.7,13.3,1.8,31.2,2.3,132957,9879,180373,8577,37.7,NA,NA,NA,NA,NA,11492,752,4.1,1.4,2.8,1.6,2.6,1.2,1.7,1,6.9,2,4.3,1.5,6.1,1.9,15.1,3.1,13.1,2.7,43.2,3.8,177149,19245,231730,15169,NA,NA,39.6,NA,NA,NA,8468,619,1.1,0.7,1.8,1.5,2.1,1.1,0.9,0.7,3.4,2,3.2,1.5,5.3,2,12.7,3.3,14.7,3.5,54.8,4.9,227769,27230,NA,NA,NA,NA,NA,NA,NA,NA,15879,827,6.2,1.3,3.9,1.4,5.4,1.3,4.7,1.3,5.9,1.4,10.2,2,10.2,1.9,19.2,2.5,13.9,2.5,20.5,2.9,106616,6521,136881,8651,NA,NA,NA,NA,35.9,NA
"122","11239",8320,539,7.6,3.4,15.8,4.6,17.7,5.1,8,3.3,13.2,3.5,14.1,3.4,7.2,2.6,8.9,3.5,4.9,2.2,2.7,1.6,35675,4121,59115,11401,44.5,NA,NA,NA,NA,NA,4037,506,3.3,2.6,5.2,4.4,13.5,7,9.6,4.2,16.3,4.7,15.9,4.9,7.1,2.9,15.5,6.4,8.5,4.1,5.1,3.1,54308,12045,85419,21959,NA,NA,53.3,NA,NA,NA,1496,335,0,2.6,4.7,7.1,16.4,13.5,12.8,7.4,20,10.1,10.4,6.8,9.4,6.1,10.8,7,8.9,6.7,6.7,8.6,47993,23712,NA,NA,NA,NA,NA,NA,NA,NA,4283,426,11.6,5.6,25.8,7.2,21.6,7.1,6.4,4.2,11,4.8,12.6,4.7,7,3.8,2.7,1.9,1.3,1.5,0,0.9,19191,1675,32727,4465,NA,NA,NA,NA,36.2,NA
"123","11249",17621,654,3.9,1.3,3.4,1.3,4.8,1.5,6,2.3,8,2,9.5,2.4,6.5,1.7,15.6,2.7,10.1,2,32.2,2.9,121400,8968,195247,16813,40,NA,NA,NA,NA,NA,9510,761,4,2,2.1,1.2,5.5,2.2,5.4,3.2,10.3,3.2,13.8,4,6.5,1.9,13.3,4.1,8.7,2.9,30.4,4.8,107857,17368,201361,28813,NA,NA,48.9,NA,NA,NA,7180,809,0.5,0.7,1.4,1.1,5,2.1,5.8,3.8,6,3,13.9,4.3,4.5,2,15.3,4.7,9.9,3.5,37.6,6.5,142679,21849,NA,NA,NA,NA,NA,NA,NA,NA,8111,695,3.9,1.9,5.6,2.7,3.4,1.6,6.7,3.4,5.4,2.2,4.6,2,6.9,2.6,18.4,3.5,11.2,2.8,33.9,4.3,133028,11167,183674,19072,NA,NA,NA,NA,29.7,NA
"124","11354",21275,995,9.1,2,4.6,1.5,8.4,1.7,11.9,2.7,7.8,1.6,14.5,2.4,12.7,2.7,15.2,2.8,9.1,1.7,6.7,1.2,62833,5551,89334,6590,50.5,NA,NA,NA,NA,NA,13575,985,6.2,2.2,2.1,0.9,7,1.5,13.7,3.9,8,2.3,15.7,3.1,14.3,3.3,15.2,2.9,9.9,2.5,7.9,1.8,67399,9644,98084,8690,NA,NA,52.3,NA,NA,NA,9607,886,6.2,2.8,2,1,6.5,1.9,12.5,5.5,5,2.1,15.5,4.1,14.8,4.3,16.1,3.4,12,3.2,9.5,2.1,79352,12386,NA,NA,NA,NA,NA,NA,NA,NA,7700,734,14.2,3.4,9.6,3.7,12.1,3.7,11,3.2,8.5,2.8,13.4,3.9,6.2,2.4,13.3,6.1,8.5,2.9,3.2,1.5,39874,9493,68436,8919,NA,NA,NA,NA,43.6,NA
"125","11355",30651,1272,9.6,1.8,6,1.2,10.3,1.8,11.2,2,9.6,1.6,18.6,2.1,9.5,1.7,13,2.1,5.9,1.2,6.4,1.4,53700,1747,76760,6043,56.4,NA,NA,NA,NA,NA,20746,1234,5.7,1.7,4.1,1.4,8.4,1.5,13.7,3,10.6,2.2,17.9,2,11.1,2.1,14.2,2.4,8,1.9,6.3,1.4,56852,3639,80782,4972,NA,NA,55.6,NA,NA,NA,14641,1076,4,1.6,4.6,1.7,7.9,1.8,11.3,3.2,10.2,2.3,18.6,2.8,12.7,2.9,15,3.2,8.4,1.9,7.3,1.8,62719,6829,NA,NA,NA,NA,NA,NA,NA,NA,9905,942,18.8,3.8,10,2.6,14.7,4,10.9,4.4,8.4,2.4,19.1,5.1,5.6,1.9,7.5,2.2,2.9,1.3,2.2,1.1,29418,3735,49540,4890,NA,NA,NA,NA,51.9,NA
"126","11356",8372,545,1.5,0.9,1.7,0.9,4.1,1.9,8.6,3.1,12.4,3,12.9,3.6,12.7,3,22.4,3.9,13.1,4.5,10.6,3.1,91445,10151,105289,7312,57.4,NA,NA,NA,NA,NA,6677,558,1.1,1,0.8,0.6,2.6,1.4,7.3,2.8,11.2,2.8,12.5,3.6,13.7,3,23.2,5.2,14.8,5.5,12.9,3.9,102908,14548,113872,8571,NA,NA,58.1,NA,NA,NA,4443,594,1.5,1.5,0.2,0.4,2.5,1.5,5.4,2.9,10.3,3.4,13.1,4.6,15,4.3,24.4,6.7,17.1,7.4,10.6,4.3,104306,15362,NA,NA,NA,NA,NA,NA,NA,NA,1695,267,2.8,2,5.5,4.1,10.2,7.6,18.9,10.3,19.9,9.1,16.4,8.3,4.7,4,15.6,8.7,5.4,4.2,0.6,1,45497,7969,62969,10745,NA,NA,NA,NA,52,NA
"127","11357",15755,757,4.5,1.6,1.9,0.9,4.1,1.5,6.7,1.7,8.7,2.2,12.5,2.5,12.6,2.1,19.3,3,10.7,2.1,18.9,2.7,97754,12288,133319,8793,49.3,NA,NA,NA,NA,NA,10884,628,2.3,1.1,1.2,1.1,2.7,1,3.5,1.6,7.8,2.3,11.8,2.6,13.5,2.7,19.2,3.7,13.1,3,24.8,3.4,120081,8748,155077,10242,NA,NA,56.5,NA,NA,NA,8196,583,2.5,1.4,0,0.5,2.7,1.2,3.7,1.9,7.8,2.7,10.5,2.7,13.2,3.4,17.9,3.7,13.9,3.6,27.8,4,124434,10489,NA,NA,NA,NA,NA,NA,NA,NA,4871,641,9.9,4.8,3.4,1.9,7.5,4.2,14,4.1,10.6,4.9,15.3,5.8,11.2,3.9,17.8,5.3,5.2,2.2,5.1,3.1,57856,10238,80180,13950,NA,NA,NA,NA,32.5,NA
"128","11358",13209,592,4.3,1.5,2,0.8,5.5,1.3,5.7,2,9.8,1.9,15.8,2.5,13.5,2.4,17,2.5,11.1,1.8,15.4,2.2,88729,7078,115361,5662,46.7,NA,NA,NA,NA,NA,9742,507,3.6,1.8,0.8,0.4,5.2,1.6,4.8,1.3,10.4,2.5,13.6,2.7,13.1,2.3,18.1,2.9,12.6,2.3,17.8,2.4,97586,5825,124743,7125,NA,NA,47,NA,NA,NA,7413,505,2.5,2.1,0.7,0.4,4.7,1.7,4,1.4,8.9,2.4,15.4,3.2,12.1,2.6,17.2,3.3,13.6,2.7,20.8,2.8,104250,11442,NA,NA,NA,NA,NA,NA,NA,NA,3467,399,7,2.9,5.4,2.7,6.7,2.6,9.9,7.1,8.8,3.4,22.3,6,14.6,5.6,11.7,3.4,6.8,2.8,6.9,3.8,63583,6452,81528,9829,NA,NA,NA,NA,44.1,NA
"129","11360",8822,579,6.3,2.4,1.5,0.8,4.7,2,4.4,1.6,7.1,2.1,15,3.8,11.1,2.6,16.7,3.4,15.5,3.8,17.8,2.7,100250,11455,130675,10956,42.7,NA,NA,NA,NA,NA,5099,483,2,1.5,1.1,0.9,3.6,2.1,4.7,2.1,5.7,2,10.2,4,7.5,2.8,18.1,5.2,20.1,5.8,27.1,3.8,147560,12702,152344,8496,NA,NA,46.6,NA,NA,NA,4258,482,1.5,1.4,1,0.9,3.1,2.1,3.5,2,4.1,1.9,10.1,4.3,6.9,2.7,16.4,5.2,22.9,6.8,30.5,4.6,161144,10401,NA,NA,NA,NA,NA,NA,NA,NA,3723,414,12.1,5.2,1.9,1.5,6.2,3.4,4.8,2.5,9.2,4,22.1,6,16.1,4.9,14.6,4.8,8.8,3.2,4.2,2,66673,6877,98059,21783,NA,NA,NA,NA,37.4,NA
"130","11361",11229,591,3.2,0.9,2.9,1,4.1,1.1,5.8,1.8,5.8,1.5,9.3,1.8,14.5,3.8,22.5,3.4,12,2,19.9,2.3,108391,8824,132705,6854,40.8,NA,NA,NA,NA,NA,7724,557,2.1,1.2,1.4,0.8,3.9,1.6,4.2,1.6,6.2,1.8,7.5,1.9,11.9,3.2,23.7,4.4,13.6,2.8,25.4,2.8,122245,10203,146020,6668,NA,NA,42.8,NA,NA,NA,5795,490,1.5,1,1.5,1,2.7,1.5,3.3,1.6,6.3,2.2,7.5,2.2,12,3.9,22.8,4.6,13.7,2.7,28.7,3.5,132860,13638,NA,NA,NA,NA,NA,NA,NA,NA,3505,494,6.3,2.1,6.2,2.8,4.6,1.8,9.5,4.8,6,2.7,13.8,4.7,20.6,8.9,18.1,5.4,7.5,3.4,7.5,3.2,78849,11735,97538,13409,NA,NA,NA,NA,35.3,NA
"131","11362",7093,505,3.2,2.4,0.5,0.5,2.5,1.5,2.8,1.5,10.6,3.3,11.7,2.7,9,3.5,21.9,4.7,18.1,4.8,19.6,4.8,118989,10504,138099,10947,48.9,NA,NA,NA,NA,NA,4942,533,1.2,1.2,0,0.8,1.7,1.6,2.9,2,7,3.1,9.3,3.4,6.1,3.2,22.2,5.3,24.7,6.4,24.9,6.6,147857,18755,161375,13820,NA,NA,52.3,NA,NA,NA,3910,420,1.6,1.5,0,1,2.1,2,1.7,1.6,8.3,3.8,7.6,3.6,5,3,21.2,5.9,29.7,7.5,22.8,6,152357,18049,NA,NA,NA,NA,NA,NA,NA,NA,2151,346,7.8,6.8,1.8,1.8,4.3,4,4.2,3.3,17.4,7.7,21.7,8.1,12.8,8.1,21.2,8.8,3,3.3,5.9,4.6,69058,14500,80270,12785,NA,NA,NA,NA,38.1,NA
"132","11363",2890,281,4.8,3.3,0.9,1,4.4,2.6,4.6,3.2,8.8,3.5,8,3,15,6.3,16.7,5.5,12.9,4.9,23.9,4.5,110833,24557,170131,21424,39.9,NA,NA,NA,NA,NA,2099,304,2,2.2,5.9,7.2,3.9,3.2,3.9,3.4,8.1,4.2,7.6,3.3,9.4,4.5,13.3,5.2,15.2,6.8,30.6,6.7,138958,37872,199386,32741,NA,NA,39,NA,NA,NA,1654,232,1.1,1.4,1.5,1.8,4.9,4.1,4.5,4.3,9.1,5.3,5,2.5,8.5,5.3,15.8,6.2,12.8,7.6,36.9,7,149643,38663,NA,NA,NA,NA,NA,NA,NA,NA,791,140,12.1,10.3,0,4.9,5.8,4,6.6,6.1,11.9,7,11,7,20.9,8.9,21,10.4,9.2,7.5,1.5,2.2,77228,16222,78626,15593,NA,NA,NA,NA,29.6,NA
"133","11364",13753,686,4.9,1.4,1.1,0.5,5.8,1.5,5.9,1.6,6.5,1.4,13.3,2.6,12,2.6,21,3.1,11.8,2.5,17.6,2.6,101222,11444,123194,6451,45.9,NA,NA,NA,NA,NA,9969,710,3.5,1.4,0.2,0.2,2.4,1,5.3,1.9,5.9,2,13.9,3.2,11.3,2.9,22.3,3.5,13.9,3.1,21.2,3.4,114942,6183,137190,8307,NA,NA,49.2,NA,NA,NA,7972,691,4,1.7,0.2,0.2,2.7,1.3,5.3,2.1,5.5,2,11.4,2.5,11.4,3.2,23.6,4,13.3,2.8,22.7,3.6,117924,5705,NA,NA,NA,NA,NA,NA,NA,NA,3784,439,8.7,3,3.3,1.8,14.7,4.4,7.7,3.2,10.7,3.6,13.1,3.7,15.6,5.1,14.3,3.7,6,3.2,5.9,2.5,58220,9598,77299,7925,NA,NA,NA,NA,36.5,NA
"134","11365",16024,959,5.9,1.9,1.4,0.9,7.2,3.3,6.1,1.8,8.8,2,17.1,3.2,11.9,3,19.1,3.1,10.5,2.2,12,2.2,85375,7427,107865,6306,44.6,NA,NA,NA,NA,NA,11267,886,3.5,1.7,0.8,0.7,4.3,1.8,5.6,2.3,7.6,2.1,17.8,4,12.8,3.7,20.1,3.5,12,2.8,15.4,2.8,94551,6320,120804,6274,NA,NA,46.3,NA,NA,NA,8438,921,3.4,2,0.4,0.4,2.6,1.5,3.5,1.8,6.8,2.3,19,5,14,4.3,20.2,3.9,12.7,3.7,17.4,3.6,104470,18523,NA,NA,NA,NA,NA,NA,NA,NA,4757,767,11.4,6.1,2.8,2.3,14.4,8.8,8.5,4.2,13.1,5.5,16.7,5.3,9.7,4.6,14.8,5.4,5.1,2.9,3.6,2.6,49786,11468,71222,12530,NA,NA,NA,NA,40,NA
"135","11366",4518,423,6.2,3,0.7,0.6,2,1.4,4.8,1.6,6.5,2.4,9.7,3.2,13.8,3.6,22.3,6.7,15.8,5,18.2,3.3,117402,20151,138075,11381,41.4,NA,NA,NA,NA,NA,3291,393,3,2.4,0.3,0.5,2,1.6,3.5,2,5.3,2.9,7.7,3.2,13.1,4.5,23.3,8.4,20.3,6.4,21.4,4.1,133779,8823,156783,14412,NA,NA,43,NA,NA,NA,2727,398,1.2,1.6,0.3,0.6,1,1.1,3,2.3,6.4,3.5,5.9,3,13.2,5.2,25.7,10.1,20.5,7.2,22.7,5,134522,12938,NA,NA,NA,NA,NA,NA,NA,NA,1227,233,17.4,8.6,1.9,2,0.7,1,8.9,4.7,9.7,5,15.7,7.6,16.5,8.2,19,8.3,6.6,4.6,3.7,3,62330,15198,78927,13761,NA,NA,NA,NA,36,NA
"136","11367",14716,674,6.3,1.6,4.9,1.8,8,2,10.4,3.1,8.6,2.7,11.5,2.3,9.5,2.2,17,2.6,11.6,2.2,12.3,2.4,75804,9172,100262,5837,52.1,NA,NA,NA,NA,NA,10265,764,2.5,1,2.9,1.9,5.8,2.1,9,3.9,8.4,3,11.4,2.7,9.2,2.9,20,3.5,14.4,3.2,16.5,3.4,101823,11379,119007,7920,NA,NA,52.7,NA,NA,NA,6757,625,1.4,0.8,1.7,1.4,5,2.5,5.1,2.2,9.4,3.7,10.4,3,9.4,3.2,16.9,3.4,19.5,4.5,21.3,4.5,119554,15272,NA,NA,NA,NA,NA,NA,NA,NA,4451,439,15.1,4.8,10,4.2,13.1,4.2,14.1,5.6,9.7,3.8,12.6,5.2,10,3.4,9.5,3,4.5,2.6,1.4,1.2,33756,4916,52851,6357,NA,NA,NA,NA,48.4,NA
"137","11368",29859,986,4.6,0.9,4.5,1.4,8,1.7,7.8,1.4,9.9,2.1,18.3,2.5,13.9,1.8,18.9,2.2,7.4,1.4,6.8,1.3,71798,3200,88448,4299,57.7,NA,NA,NA,NA,NA,22321,923,3.2,0.9,1.8,0.6,7.5,1.9,9.8,2,10.9,2,21,3,15.5,2.5,18.1,2.4,6.3,1.5,5.8,1.7,70817,3066,85725,4327,NA,NA,56.6,NA,NA,NA,12144,916,1.6,1,0.8,0.5,5.8,2.1,9.3,2,9.2,2.6,23.2,4.5,16.8,3.3,20.4,3.9,6.3,2,6.6,2.1,75100,4791,NA,NA,NA,NA,NA,NA,NA,NA,7538,753,11.8,3.1,14.2,5,13.1,3.5,8.5,3.3,11.1,3.6,12,3.8,11.6,3.3,12.7,4.4,2.7,1.4,2.4,1.4,40123,10513,56810,6556,NA,NA,NA,NA,47.3,NA
"138","11369",10131,636,4.7,1.8,3.3,1.4,4,1.6,5.3,1.5,11,2.6,17.6,2.9,15,2.3,21.8,4,9,2,8.3,1.9,80577,6079,97663,5377,46.4,NA,NA,NA,NA,NA,7460,532,4.4,2.1,2.6,1.3,2.7,1.2,5.3,2.2,13.2,3.2,14.9,2.9,18.1,2.9,19.1,3.7,10.2,2.3,9.5,2.2,83071,6062,99779,5801,NA,NA,45.6,NA,NA,NA,4219,408,3.1,3,2.3,1.5,2.4,1.6,3.8,2.3,12.4,4.4,14.1,3.5,16.7,3.6,20.4,4,13.5,3.6,11.4,3.5,91081,9211,108969,8205,NA,NA,NA,NA,NA,NA,2671,476,7.1,2.6,5.1,3,8.6,4.5,9.8,4.3,8.6,3.2,30,8.4,8.1,3,18.8,11.1,2.4,1.6,1.5,1.4,65792,7527,68528,10449,NA,NA,NA,NA,47.2,NA
"139","11370",8764,646,5.8,2.2,2.6,1.9,7.9,2.7,4.4,1.9,10.2,3.7,19.2,4.3,8.5,2.4,21.4,3.8,10.3,2.3,9.7,2.9,74895,8791,101592,10131,53.1,NA,NA,NA,NA,NA,5797,598,4.4,2.3,1.7,1.7,2.5,1.5,3.8,2.4,10.7,4.4,17.3,4.4,9.6,3,25.3,4.7,12.1,3.1,12.6,3.9,97452,13428,115117,11926,NA,NA,60.4,NA,NA,NA,4159,512,4.8,2.7,1.9,2.3,2.5,1.9,2.4,1.5,11.9,5.5,15.7,5.7,10.3,3.8,25.7,6,12.6,3.7,12.2,4.5,100320,13160,NA,NA,NA,NA,NA,NA,NA,NA,2967,517,9,4.5,4.3,4.5,18,7.7,6.1,3.9,12.5,6.8,22.4,8.2,5.3,3.3,15,7.2,5.2,3.5,2.1,1.8,50054,17905,64849,10192,NA,NA,NA,NA,37.6,NA
"140","11372",25384,1078,4,1.2,4.1,1.3,7.4,1.7,6.7,1.6,10.1,2.4,16.6,2.5,13.6,2.4,15.3,2.4,10.1,2.3,12.1,1.8,77133,6110,108259,5814,43.7,NA,NA,NA,NA,NA,16256,994,2.4,1.3,3.4,1.4,6.1,2.3,6.5,2,11.1,3.1,18.4,3.1,12.8,2.8,16.1,3,11.3,2.7,11.8,2.5,79371,7301,110184,8635,NA,NA,44.3,NA,NA,NA,10487,914,2,1.5,1.3,1.2,5.3,2.9,6.5,2.7,8.4,3.5,16.7,4.1,10.6,3.4,20.1,4,12.8,3.5,16.2,3.6,97004,12385,NA,NA,NA,NA,NA,NA,NA,NA,9128,880,8.2,2.3,5.2,2.4,9.2,2.6,7,2.3,11.3,3.7,15.3,4.2,16.4,4.6,11.6,3.3,6.9,3.1,9.1,2.4,63957,6281,91072,10397,NA,NA,NA,NA,38.4,NA
"141","11373",32373,1168,3.5,1,3.6,1,7.8,1.6,6.3,1.5,12,1.6,19.8,2.1,16.4,1.7,16.2,1.7,6.3,1,8,1.2,71470,3090,90797,5194,34.8,NA,NA,NA,NA,NA,22951,1106,3,1.2,1.6,0.7,7.1,1.7,7,1.5,13.1,2.2,19.2,2.2,18,2.1,16.5,1.9,7.2,1.3,7.5,1.5,73926,3896,91449,4703,NA,NA,34.3,NA,NA,NA,14932,888,2.2,1.5,1.1,0.5,5.6,1.6,6.2,2,12.7,2.8,19.2,2.4,17.8,2.7,17.5,2.3,8.3,1.7,9.5,2.1,79242,5085,100372,5885,NA,NA,NA,NA,NA,NA,9422,985,6.3,1.6,9,3.1,11.4,3.9,7.7,3.1,12.6,2.9,24.6,5.4,10.4,2.9,8.6,2.6,3.2,1.5,6.1,2.1,53029,2444,67009,5927,NA,NA,NA,NA,32.4,NA
"142","11374",19503,998,7.3,1.6,4,1.2,6.7,1.6,6,1.6,9.4,2.1,12.6,2,10,2,18,2.5,12.2,1.9,13.7,2.1,86333,8156,111155,6783,43.4,NA,NA,NA,NA,NA,11907,855,5.5,1.8,1.8,1.2,4.9,1.8,4.9,1.6,8.8,2.4,10.2,2.4,10.9,2.4,18.2,3.2,15.9,2.9,18.8,3.2,109240,13959,132093,9248,NA,NA,45.8,NA,NA,NA,8855,753,2.8,1.6,1.9,1.5,3.7,1.6,5.4,2,7.6,2.7,10.2,3,10.5,2.9,20.1,4.1,16.4,3.6,21.3,4.1,125060,12154,NA,NA,NA,NA,NA,NA,NA,NA,7596,602,11.8,2.8,7.7,2.9,10.5,3.1,7.8,3.5,9,2.7,15.9,3.9,10.3,3.8,15.7,4.1,6.5,2.5,4.8,1.7,55649,8206,74421,7402,NA,NA,NA,NA,37.7,NA
"143","11375",33217,1018,5.3,1.1,2.1,0.5,5.9,1.3,4.6,1,6.5,1.4,13,1.8,10.4,1.4,19.6,1.7,11.5,1.5,21.2,1.7,104319,6763,144481,11819,39.5,NA,NA,NA,NA,NA,19263,973,2.3,1.2,1.4,0.6,3.7,1.4,3.8,1.4,5.1,1.4,11.3,2.2,9.2,2.1,17.7,2.4,15.1,2.1,30.4,2.6,135095,8696,181355,19694,NA,NA,43.5,NA,NA,NA,15221,1001,1.7,0.9,0.8,0.6,3.6,1.6,3.5,1.5,5.1,1.6,8.7,1.8,7.5,1.8,16.1,2.5,16.7,2.5,36.4,3.2,158518,12555,NA,NA,NA,NA,NA,NA,NA,NA,13954,943,9.4,2.3,3.1,0.9,8.9,2.1,5.7,1.8,8.4,2.7,16.2,3.2,13.7,2.5,20.8,2.9,5.6,1.4,8.1,1.8,71509,7885,90722,6821,NA,NA,NA,NA,33.5,NA
"144","11377",33371,1087,4.3,0.8,3.4,0.8,6.3,1.5,8.7,2,11,1.3,17.2,2.2,14.4,2,15.1,1.6,9.3,1.5,10.3,1.6,73292,5001,105205,14203,41.7,NA,NA,NA,NA,NA,19122,1084,3.2,1,1.7,0.7,3.3,1,7.6,2.2,9.7,2,20,3,13.9,2.2,17.1,2.5,10,2,13.4,2.4,82230,3910,121433,23030,NA,NA,47.6,NA,NA,NA,12796,946,1.9,0.9,1.2,0.6,2,0.9,6.4,2.4,9,2.2,19.4,3.3,13.3,2.3,18,3.2,12.4,2.7,16.5,3.2,93783,10922,140638,33578,NA,NA,NA,NA,NA,NA,14249,1091,6.4,1.5,6.1,1.8,10.7,3.1,11.2,3.3,13.7,2.6,16.7,3.4,14.8,3.5,10.4,2.1,5.5,1.5,4.4,1.2,54282,8029,72416,5324,NA,NA,NA,NA,31.2,NA
"145","11378",13013,580,4.7,1.1,3,1.1,5.8,2,6.2,1.7,10.9,2,15.1,1.6,10.3,2.1,17.4,2.3,13.9,2.3,12.7,1.9,84762,5483,108263,5157,53.7,NA,NA,NA,NA,NA,9255,586,4.2,1.2,1.5,0.9,4,1.4,5.4,2.1,10.9,2.4,12.7,1.9,11.4,2.6,19.9,3.1,14,2.6,15.9,2.4,99144,6926,118946,6104,NA,NA,54.5,NA,NA,NA,6361,503,2.7,1.2,0.8,0.7,2.3,1.3,3.4,1.6,7,2.1,14.1,2.5,9.7,2.7,23.7,4,16.4,3,20,3.4,116313,7020,NA,NA,NA,NA,NA,NA,NA,NA,3758,401,9.1,3.1,7,2.7,10.5,5.9,8.6,3.5,11.9,3.2,17.7,4.1,11.9,4.3,11.7,2.8,8.2,3.8,3.4,1.7,53333,5487,69772,5777,NA,NA,NA,NA,50.2,NA
"146","11379",13897,579,3.5,1,2.3,0.9,6,1.6,7.3,1.5,8.9,1.6,13.5,2.1,12.3,2.1,18.2,2.4,12.1,2.2,16,1.9,92509,7046,116226,5258,50.8,NA,NA,NA,NA,NA,9644,609,1.3,0.6,1.6,0.9,2.9,1,5,1.7,8.3,2,15.7,3,11.4,2.4,18.2,3.3,15.9,2.9,19.8,2.5,109291,7176,133535,6513,NA,NA,52,NA,NA,NA,6884,514,0.5,0.4,0.7,0.5,2.2,1.1,3.6,1.5,8.1,2.2,12.7,2.8,11.7,3,20.5,4,16.1,3,23.9,2.9,124328,10863,NA,NA,NA,NA,NA,NA,NA,NA,4253,429,8.7,2.6,4.3,2.1,13.7,4.6,14.9,3.8,10.3,2.9,14.4,3.8,10.3,3.5,15.9,4.1,4.4,1.7,3.1,1.6,45327,12979,65456,5560,NA,NA,NA,NA,43.9,NA
"147","11385",37586,993,4.2,0.9,2.1,0.6,5.9,1.1,5.4,0.9,9.7,1.5,16,1.4,14.2,1.5,18.6,1.5,12.1,1.2,12,1.3,87365,3960,111194,4191,59.5,NA,NA,NA,NA,NA,23851,999,2.7,0.9,1.1,0.5,4.9,1.3,4.7,1.2,10.1,1.8,18.2,2,14.3,1.8,17.4,1.7,13.1,1.6,13.3,1.5,89695,4411,116134,5032,NA,NA,62.9,NA,NA,NA,15006,859,1.6,0.8,1,0.6,3.6,1.5,3.3,1.4,9.3,2.1,16.5,2.3,14.6,2.5,18.8,2.3,14.4,2.2,16.8,2.3,100224,7608,NA,NA,NA,NA,NA,NA,NA,NA,13735,890,7.5,1.8,4,1.3,8.5,2.4,7.8,1.7,11,2.2,14.1,2.2,13.2,2.2,18,2.4,9,1.9,6.8,1.8,69614,5463,89003,6188,NA,NA,NA,NA,51.2,NA
"148","11411",6518,381,2.8,1.2,1.4,0.7,3.7,1.2,5.1,2.9,6.5,2,12.9,2.5,9.5,2.1,22.9,3.2,14.7,2.8,20.6,2.9,118393,8243,130626,7063,57.7,NA,NA,NA,NA,NA,5080,319,0.8,0.6,0.5,0.4,2.3,1.2,2.8,1.2,5.2,2.2,13.6,2.9,9.6,2.3,26.2,3.9,17,3.7,21.8,3.6,127381,10934,140350,7693,NA,NA,61.4,NA,NA,NA,3021,286,0.4,0.5,0.2,0.3,1.7,1.4,1.8,1,3.2,2,12.7,4,9.1,2.9,23.6,5.1,19.3,5.1,27.9,5.3,144375,8784,156092,10101,NA,NA,NA,NA,NA,NA,1438,281,9.9,5.2,4.5,2.9,10.3,4.3,13.6,11.3,13.8,5.7,10.4,4.2,10.5,6,14.7,5,7.2,4,5.3,4.2,42456,19503,74735,13103,NA,NA,NA,NA,41.6,NA
"149","11412",12095,496,4.1,0.9,2.4,0.9,3.7,1.1,5.3,1.4,6.4,1.4,15.3,2.5,13.5,2.3,21.6,2.5,11.9,1.9,15.8,2.1,98418,6630,119566,5562,69.5,NA,NA,NA,NA,NA,9368,438,3.2,1,1.4,0.8,2.5,1,3.6,1.1,5.9,1.5,13.9,2.3,14.9,3.1,23,2.7,15,2.6,16.7,2.3,109733,5814,127907,5685,NA,NA,73.5,NA,NA,NA,4646,370,3,1.7,0.6,0.7,1.1,0.8,3.7,1.6,4.4,1.5,10.2,3.1,10.1,3.7,23.3,3.7,19.3,4.2,24.1,4.1,135787,8845,NA,NA,NA,NA,NA,NA,NA,NA,2727,409,7.7,2.8,5.8,3.3,8.4,4,11.7,4.4,10.1,4.1,22.4,7.7,13.1,4.6,15.1,5,2.2,1.6,3.5,2.6,54204,5638,68227,8723,NA,NA,NA,NA,50,NA
"150","11413",13712,695,2.4,1,1.7,1.1,3.3,1.3,1.9,0.7,6.7,1.7,11.7,1.9,13.5,2.5,26.5,2.9,18,2.2,14.4,2,114766,6381,130053,5736,68.8,NA,NA,NA,NA,NA,11013,675,1.8,1,0.7,0.6,1.6,0.7,1.7,0.7,6.7,1.9,12,2.4,14.2,2.6,26.3,3,19.2,2.6,15.9,2.2,120709,5632,136658,6526,NA,NA,73,NA,NA,NA,4943,518,1.5,1.5,0.2,0.3,0.6,0.6,0.9,0.7,4,2,7.5,2.2,13.9,3.8,28.1,4.3,21.2,4.4,22.1,3.4,134320,12767,NA,NA,NA,NA,NA,NA,NA,NA,2699,480,5.4,3.1,6.7,5,10.2,5.3,3.4,2,11.9,5,12.2,3.9,16.2,7.2,22.6,5.5,8.3,3.6,3.1,2.3,76125,17331,83028,9692,NA,NA,NA,NA,45.2,NA
"151","11414",11523,759,5.6,2.3,4.7,2.8,4.2,1.4,4.3,1.7,9.5,2.6,13.5,3.1,10.4,2.9,16.4,3.1,11.7,2.8,19.6,4.8,98209,8729,135426,15067,62,NA,NA,NA,NA,NA,7834,787,1.1,1.1,1.6,1.3,1.9,1.5,3.1,2,6.3,2.8,17.1,4.7,10.5,3.6,19.7,4.1,12.5,3.7,26.2,6.4,123873,15621,165111,19811,NA,NA,63.4,NA,NA,NA,5665,804,0,0.7,0.8,1,1.6,1.4,1.3,1.4,6.9,3.5,16.9,6.2,7.8,4,18.8,4.8,15.1,4.4,30.7,8.5,138750,14872,NA,NA,NA,NA,NA,NA,NA,NA,3689,559,15.7,5.8,11.2,7.6,9.6,4.1,7.4,3.2,15.3,5.3,9.2,4.1,10.6,4.7,9.3,4,7.6,4.9,4,3.6,41516,12453,65226,12653,NA,NA,NA,NA,57.9,NA
"152","11415",8967,430,4.2,1.6,4.5,1.7,8.1,2.5,2.5,1.2,8.3,3,14,3.3,13,2.7,18.9,3.3,11.4,2.5,15.2,3,88632,6827,127361,15532,37.3,NA,NA,NA,NA,NA,4877,427,1.9,1.2,1.7,1.2,10.3,3.5,1.2,1.4,8.8,4.1,9.7,3.2,12.1,4.1,19.8,4.7,14.1,3.5,20.4,4.3,109005,15143,151399,23873,NA,NA,42.7,NA,NA,NA,3405,416,2.2,1.6,1.7,1.5,7.5,3.3,0.1,0.2,6.8,3.7,9.2,3.8,11.3,4,20.6,5.8,16.6,4.6,23.9,5.1,121075,8712,NA,NA,NA,NA,NA,NA,NA,NA,4090,430,6.9,3.1,7.8,3.6,5.5,3,4.3,2.1,8.8,3.8,20.1,5.8,15.1,3.7,16.7,5.3,7.7,4.1,7.3,3.2,70950,10271,90232,11068,NA,NA,NA,NA,30.6,NA
"153","11416",7501,490,3.9,1.5,2.4,1.1,4.7,1.8,7.6,2.3,10.4,3,15.1,4,13.7,2.8,17.6,3.4,11.9,2.5,12.9,3,85544,7664,117863,10727,70.6,NA,NA,NA,NA,NA,6173,452,3.3,1.1,2.1,1.1,4.2,1.6,7.8,2.4,10.2,3.1,15.4,4.4,12.4,2.9,18.5,3,13.9,3.1,12.3,3,90177,8061,119396,11572,NA,NA,71,NA,NA,NA,3900,376,1.2,0.8,1.7,1.1,3.7,1.7,6.6,2.9,7.4,3.8,13.8,4,13.3,3.7,22,4.2,16.6,4.1,13.7,4.3,108333,19455,NA,NA,NA,NA,NA,NA,NA,NA,1328,309,9.9,6.1,3.8,3.3,7.2,4.9,7.2,4.1,15.1,8.6,15.1,8.3,16.3,8.2,13.6,12.5,1.4,2.3,10.5,6.9,57398,24634,82132,14298,NA,NA,NA,NA,63.8,NA
"154","11691",22382,914,10.7,2.3,8.8,2,7.7,1.6,8.4,2,9.1,2.1,14.6,2.7,9.2,2.4,14.5,2.3,8.4,1.9,8.5,2.3,57027,6034,87977,7902,60.2,NA,NA,NA,NA,NA,14408,1081,6.4,1.8,1.9,1.1,6.8,2.1,7.6,2.1,9.3,2.1,16.3,3.4,10.1,2.8,20.2,3.1,10.9,2.8,10.4,2.9,80367,9907,103179,8917,NA,NA,66.8,NA,NA,NA,8066,814,3.1,2.2,1.7,1.6,2.5,2,6.1,2.6,6.9,2.7,14.6,4.2,10.3,3.9,26.3,5,13.8,4.1,14.7,4.7,109545,12182,NA,NA,NA,NA,NA,NA,NA,NA,7974,850,19.6,5.1,21.2,5.2,9.8,2.9,11.6,3.5,9.3,4,13.7,4.2,4.8,2.6,6.4,2.6,2,2.2,1.4,1,23932,6554,50878,14578,NA,NA,NA,NA,47.2,NA
"155","11692",7981,468,11.7,3.6,6.8,2.5,9.8,3.5,11.2,3.3,11.1,2.5,10.1,2.9,7.9,2.7,13.2,3.9,6.9,2.4,11.3,2.9,49507,7136,89324,11132,55.5,NA,NA,NA,NA,NA,5210,467,9.7,3.9,4.1,2.2,7.7,2.8,8.9,3.1,11.1,2.8,10,3.6,7,3.4,19.2,5,7.3,2.8,15.1,4.5,69754,17276,108276,16495,NA,NA,55.8,NA,NA,NA,2451,376,1.4,1.7,2.5,2.5,0.9,1.1,7.7,5,5.9,4.2,12,5.3,8.8,5.2,23.7,8.2,9.1,4.5,28,8.4,123649,12961,NA,NA,NA,NA,NA,NA,NA,NA,2771,480,15.5,7.4,12.2,6.2,14.3,7.7,16.2,7.6,10.6,4.4,10.3,4.3,9.8,4.8,4.3,3,2.7,2.4,4.2,2.4,28584,3868,50287,8500,NA,NA,NA,NA,53.9,NA
"156","11693",5405,523,8.5,4.4,4.1,2.1,7.7,3.9,9.6,4.5,10.7,4.4,11.2,3.6,11.6,3.8,16.5,5.9,9.9,2.9,10.2,3,67829,19053,94035,9563,49.9,NA,NA,NA,NA,NA,3487,461,7.9,6.2,2.8,2.6,3.9,3.2,5.4,3.5,8.1,3.8,14.6,5.5,13.8,5.3,19.8,8.7,12.9,3.7,10.9,4,87813,15540,104257,10944,NA,NA,58,NA,NA,NA,1885,360,0,2.1,1.5,1.6,1,1.5,6.9,4.6,8,4.7,11,5.6,13.1,6.7,21.9,12.1,18,6.1,18.7,7.2,118566,7818,NA,NA,NA,NA,NA,NA,NA,NA,1918,350,9.7,4.7,6.5,3.6,14.6,8.9,17.3,10.4,15.4,10.1,11.5,4.8,3.9,1.9,10.4,5.8,3.6,3.8,7,4.6,39375,12119,69336,15930,NA,NA,NA,NA,35.1,NA
"157","11694",8046,445,4.4,1.9,3.8,1.9,4.8,2.1,5,2.3,8.1,2.1,12,3.3,9.6,2.7,18.5,3.8,15.5,3.5,18.3,3.2,103792,11215,131803,10971,50.5,NA,NA,NA,NA,NA,4929,461,3,1.9,1,1.3,3.9,2.5,3.1,2.5,7.1,2.8,11.5,4.6,6.7,2.9,18.6,4.7,20.1,5,25.1,4.6,128512,28341,156862,13705,NA,NA,53.6,NA,NA,NA,3592,443,1.8,1.8,0.3,0.3,3.7,2.8,3.7,3.4,4.8,2.6,9.2,4.2,6.5,3.2,17.3,4.9,23.6,6.2,29.2,5.3,159135,12637,NA,NA,NA,NA,NA,NA,NA,NA,3117,355,7.1,3.8,8.2,4.4,6.8,4,8,5.1,9.4,3.7,17.1,5,10.8,3.8,17.5,7.1,9.6,4.7,5.5,3.3,63546,10726,88194,16572,NA,NA,NA,NA,44,NA
"158","11697",1668,200,4.7,3.4,1.6,1.5,3.2,2.4,3.9,3,5.3,3.6,11.2,4,8.2,3.9,16.7,5.8,14.3,6,30.9,10,134844,31149,160574,19405,48.5,NA,NA,NA,NA,NA,1055,200,2.1,3.3,0.9,1.3,0,3.7,0.6,1,2.2,3.2,8.5,4.2,8.6,5.6,18.1,7.4,13.8,7.1,45.2,12.8,175708,45394,195736,20599,NA,NA,53.1,NA,NA,NA,888,193,0,4.4,0,4.4,0,4.4,0,4.4,2.6,3.8,8.3,4.3,7.4,5.8,15.3,7.6,13.4,7.6,52.9,14.3,213958,56456,NA,NA,NA,NA,NA,NA,NA,NA,613,148,12.7,8.8,2.9,3.4,8.8,6.6,9.6,7.6,10.8,8.5,12.1,8.4,7.5,4.7,14.2,8.5,17.9,12.2,3.4,4,70190,38681,93762,29325,NA,NA,NA,NA,37,NA
